Date,Amount,Merchant,Location,Transaction ID,Fraud
2026-05-24 06:04:00,435.38,Myntra,Delhi,TRAIN01117,0
2026-06-24 08:39:00,1063.23,Zomato,Delhi,TRAIN01369,0
2026-03-06 22:11:00,2101.76,BookMyShow,Mumbai,TRAIN00423,0
2026-01-09 01:10:00,299.15,BigBasket,Bengaluru,TRAIN00414,0
2026-02-06 23:29:00,136211.16,Flipkart,Bengaluru,TRAIN00452,1
2026-06-26 02:09:00,1076.49,Zomato,Hyderabad,TRAIN00862,0
2026-08-17 06:40:00,1338.36,Myntra,Delhi,TRAIN01064,0
2026-08-12 22:24:00,637.29,BigBasket,Bengaluru,TRAIN00742,0
2026-05-12 06:53:00,1357.21,Swiggy,Delhi,TRAIN01273,0
2026-06-06 21:00:00,82358.0,Amazon,Bengaluru,TRAIN00260,1
2026-04-15 00:50:00,886.45,Flipkart,Delhi,TRAIN00889,0
2026-05-06 05:43:00,981.77,Amazon,Mumbai,TRAIN01433,0
2026-07-15 23:11:00,1240.87,Amazon,Kolkata,TRAIN00713,0
2026-04-11 01:49:00,2237.34,Flipkart,Pune,TRAIN01383,0
2026-02-03 21:03:00,1498.28,Amazon,Mumbai,TRAIN00071,0
2026-05-05 03:31:00,483.44,Swiggy,Chennai,TRAIN01269,0
2026-04-29 16:58:00,84880.6,Flipkart,International,TRAIN01492,1
2026-06-04 14:32:00,816.36,Ola,Kolkata,TRAIN00608,0
2026-04-16 17:40:00,72265.5,Amazon,Bengaluru,TRAIN00434,1
2026-04-06 18:03:00,1731.01,Amazon,Mumbai,TRAIN00052,0
2026-05-06 08:57:00,1009.46,BookMyShow,Bengaluru,TRAIN01200,0
2026-08-21 08:39:00,415.18,Swiggy,Delhi,TRAIN01129,0
2026-02-27 02:32:00,2090.68,BigBasket,Hyderabad,TRAIN01191,0
2026-01-09 12:16:00,21939.28,IRCTC,International,TRAIN01250,1
2026-07-03 12:07:00,852.59,Flipkart,Mumbai,TRAIN01420,0
2026-08-10 08:43:00,540.08,Ola,Bengaluru,TRAIN00433,0
2026-05-09 06:49:00,1594.92,Ola,Mumbai,TRAIN01453,0
2026-02-13 01:33:00,3328.68,Swiggy,Mumbai,TRAIN01471,0
2026-07-22 06:38:00,319.82,Uber,Bengaluru,TRAIN01235,0
2026-08-04 07:04:00,701.28,BigBasket,Delhi,TRAIN01282,0
2026-08-09 17:21:00,545.71,Flipkart,Delhi,TRAIN01086,0
2026-03-27 14:25:00,1681.49,Swiggy,Mumbai,TRAIN00611,0
2026-01-17 13:36:00,1706.55,Ola,Delhi,TRAIN01285,0
2026-01-19 22:41:00,1372.3,BigBasket,Chennai,TRAIN01042,0
2026-07-16 17:27:00,133.24,Flipkart,Pune,TRAIN00221,0
2026-08-01 05:04:00,1830.9,Flipkart,Pune,TRAIN00340,0
2026-05-02 15:41:00,1852.1,Flipkart,Hyderabad,TRAIN00424,0
2026-06-12 07:15:00,1611.8,IRCTC,Bengaluru,TRAIN00429,0
2026-06-08 01:56:00,736.76,IRCTC,Pune,TRAIN01106,0
2026-07-26 21:44:00,2157.79,Ola,Delhi,TRAIN00077,0
2026-07-18 12:09:00,536.64,Swiggy,Delhi,TRAIN01392,0
2026-01-04 05:25:00,502.4,Ola,Pune,TRAIN00440,0
2026-05-10 17:58:00,1189.88,Flipkart,Pune,TRAIN01337,0
2026-06-19 19:57:00,2406.04,Myntra,Delhi,TRAIN00865,0
2026-06-29 19:32:00,1531.06,Zomato,Hyderabad,TRAIN01081,0
2026-04-07 17:34:00,2253.0,Flipkart,Delhi,TRAIN00355,0
2026-06-16 00:42:00,1053.32,BigBasket,Kolkata,TRAIN00366,0
2026-08-06 01:13:00,2385.17,Ola,Delhi,TRAIN00310,0
2026-02-02 01:59:00,1279.35,BookMyShow,Bengaluru,TRAIN00737,0
2026-02-28 06:58:00,841.97,BigBasket,Chennai,TRAIN00999,0
2026-02-22 20:24:00,140.32,IRCTC,Delhi,TRAIN00622,0
2026-08-12 21:13:00,58404.24,Amazon,International,TRAIN00544,1
2026-02-09 20:42:00,103728.39,Ola,International,TRAIN01141,1
2026-05-18 09:31:00,1361.9,Myntra,Chennai,TRAIN01297,0
2026-03-05 21:12:00,209.51,Uber,Hyderabad,TRAIN00555,0
2026-02-26 22:46:00,21981.91,Unknown Merchant,Bengaluru,TRAIN00680,1
2026-05-20 19:13:00,637.56,BigBasket,Delhi,TRAIN00050,0
2026-05-13 15:01:00,1387.09,Ola,Mumbai,TRAIN00491,0
2026-05-12 07:05:00,1577.31,Zomato,Bengaluru,TRAIN00317,0
2026-06-08 21:58:00,695.64,Flipkart,Bengaluru,TRAIN00905,0
2026-07-18 16:07:00,2137.73,Swiggy,Hyderabad,TRAIN00637,0
2026-06-29 13:02:00,1841.72,IRCTC,Bengaluru,TRAIN00561,0
2026-06-08 13:10:00,17111.91,Unknown Merchant,Mumbai,TRAIN00487,1
2026-07-12 19:40:00,521.78,Zomato,Pune,TRAIN00068,0
2026-02-04 16:11:00,1069.08,Ola,Hyderabad,TRAIN00812,0
2026-03-18 07:14:00,2263.81,Ola,Pune,TRAIN00494,0
2026-01-29 12:49:00,455.39,BookMyShow,Delhi,TRAIN00311,0
2026-08-07 17:19:00,116.42,Swiggy,Mumbai,TRAIN01097,0
2026-06-22 09:40:00,1033.11,BookMyShow,Hyderabad,TRAIN01248,0
2026-08-04 16:27:00,1210.35,Ola,Chennai,TRAIN00185,0
2026-06-06 17:36:00,1705.29,Ola,Chennai,TRAIN00307,0
2026-05-29 09:03:00,1688.42,Amazon,Hyderabad,TRAIN00853,0
2026-04-12 13:28:00,415.96,IRCTC,Mumbai,TRAIN00793,0
2026-02-21 19:44:00,1290.95,IRCTC,Bengaluru,TRAIN00290,0
2026-02-15 00:09:00,15784.89,Flipkart,Bengaluru,TRAIN00707,1
2026-03-30 17:49:00,9255.3,IRCTC,Hyderabad,TRAIN01330,1
2026-07-30 21:38:00,1068.2,Uber,Delhi,TRAIN00655,0
2026-07-18 05:15:00,2169.17,Zomato,Delhi,TRAIN00523,0
2026-04-18 02:50:00,855.01,Zomato,Bengaluru,TRAIN00462,0
2026-08-20 05:12:00,19802.7,Ola,International,TRAIN00931,1
2026-02-16 11:13:00,1503.59,Amazon,Kolkata,TRAIN01035,0
2026-07-10 18:27:00,1568.27,Zomato,Delhi,TRAIN00030,0
2026-01-06 21:47:00,824.52,Ola,Mumbai,TRAIN00241,0
2026-02-13 12:13:00,2700.27,IRCTC,Chennai,TRAIN00799,0
2026-03-18 13:41:00,2271.56,BigBasket,Delhi,TRAIN00818,0
2026-08-11 12:42:00,1602.73,Ola,Delhi,TRAIN00066,0
2026-06-27 17:37:00,1068.2,BigBasket,Delhi,TRAIN00602,0
2026-01-06 05:19:00,1285.89,Zomato,Bengaluru,TRAIN00925,0
2026-05-07 14:57:00,861.81,Ola,Delhi,TRAIN00755,0
2026-04-03 06:04:00,1050.81,Amazon,Mumbai,TRAIN00927,0
2026-03-06 22:51:00,1142.21,Swiggy,Bengaluru,TRAIN01102,0
2026-02-22 20:36:00,1069.36,Swiggy,Pune,TRAIN00248,0
2026-01-30 14:32:00,42888.35,IRCTC,Bengaluru,TRAIN00278,1
2026-04-04 19:47:00,1078.95,BigBasket,Delhi,TRAIN01403,0
2026-06-30 05:40:00,665.03,BigBasket,Delhi,TRAIN01067,0
2026-04-11 16:51:00,1251.94,Swiggy,Delhi,TRAIN00480,0
2026-05-14 06:55:00,1229.79,BookMyShow,Delhi,TRAIN00427,0
2026-08-27 00:15:00,616.65,IRCTC,Delhi,TRAIN00124,0
2026-03-15 18:13:00,705.73,Flipkart,Delhi,TRAIN01170,0
2026-08-22 16:42:00,1102.35,Swiggy,Chennai,TRAIN00395,0
2026-05-23 11:06:00,11590.17,Zomato,Mumbai,TRAIN00986,0
2026-03-16 15:53:00,48516.45,Myntra,International,TRAIN00716,1
2026-05-02 17:01:00,644.01,BookMyShow,Kolkata,TRAIN01135,0
2026-08-07 20:23:00,1042.19,IRCTC,Pune,TRAIN01085,0
2026-03-04 21:18:00,535.61,Flipkart,Chennai,TRAIN00498,0
2026-02-28 03:59:00,479.01,BookMyShow,Delhi,TRAIN00045,0
2026-08-19 12:39:00,456.92,Swiggy,Pune,TRAIN00060,0
2026-06-28 20:57:00,36250.65,Swiggy,Mumbai,TRAIN01162,1
2026-07-09 16:40:00,3179.56,Swiggy,Pune,TRAIN00024,0
2026-01-26 11:33:00,954.73,Flipkart,Hyderabad,TRAIN00875,0
2026-05-02 08:18:00,2149.27,Amazon,Bengaluru,TRAIN00482,0
2026-04-25 20:11:00,119622.91,Uber,Hyderabad,TRAIN01325,1
2026-04-01 02:57:00,1537.58,Swiggy,Mumbai,TRAIN00746,0
2026-05-03 11:27:00,2132.81,Ola,Chennai,TRAIN00232,0
2026-01-20 13:05:00,861.07,Zomato,Pune,TRAIN00125,0
2026-01-06 16:03:00,20798.0,Unknown Merchant,Mumbai,TRAIN00428,1
2026-01-15 01:59:00,1136.57,Ola,Delhi,TRAIN00819,0
2026-03-14 19:55:00,606.16,BookMyShow,Mumbai,TRAIN00169,0
2026-03-09 16:19:00,26523.85,Amazon,Mumbai,TRAIN00116,1
2026-08-11 13:38:00,1372.59,Myntra,Mumbai,TRAIN01089,0
2026-02-27 04:19:00,1309.54,Flipkart,Delhi,TRAIN00987,0
2026-03-17 15:42:00,940.7,Zomato,Delhi,TRAIN01396,0
2026-03-13 09:27:00,2123.75,Zomato,Chennai,TRAIN01425,0
2026-04-10 06:36:00,955.04,Zomato,Pune,TRAIN00416,0
2026-08-20 12:20:00,347.67,Zomato,Delhi,TRAIN00142,0
2026-02-17 21:30:00,1665.97,Flipkart,Kolkata,TRAIN01234,0
2026-08-22 11:08:00,636.26,IRCTC,Pune,TRAIN01294,0
2026-01-16 16:54:00,1730.34,Amazon,Delhi,TRAIN00763,0
2026-05-13 23:50:00,842.96,Flipkart,Hyderabad,TRAIN01207,0
2026-08-26 08:50:00,418.42,Amazon,Delhi,TRAIN00463,0
2026-02-07 19:30:00,593.58,IRCTC,Delhi,TRAIN01244,0
2026-08-19 11:09:00,1141.23,BookMyShow,Pune,TRAIN00079,0
2026-01-28 18:09:00,335.92,Ola,Mumbai,TRAIN01005,0
2026-05-03 17:41:00,2118.99,Myntra,Mumbai,TRAIN01491,0
2026-08-14 09:40:00,2211.8,Zomato,Delhi,TRAIN00572,0
2026-07-11 02:41:00,1355.79,BigBasket,Bengaluru,TRAIN00016,0
2026-04-03 07:43:00,935.38,Swiggy,Delhi,TRAIN00495,0
2026-01-20 19:26:00,2695.22,BigBasket,Delhi,TRAIN00351,0
2026-01-28 05:41:00,1713.32,Flipkart,Delhi,TRAIN01000,0
2026-04-22 16:03:00,2106.26,BookMyShow,Delhi,TRAIN00275,0
2026-06-20 10:08:00,702.45,Swiggy,Delhi,TRAIN01192,0
2026-03-07 07:12:00,1341.5,BigBasket,Bengaluru,TRAIN00272,0
2026-03-06 12:07:00,3046.29,IRCTC,Delhi,TRAIN01474,0
2026-08-07 19:28:00,1548.41,BookMyShow,Delhi,TRAIN00238,0
2026-03-26 13:45:00,3520.41,Flipkart,Pune,TRAIN00586,0
2026-06-11 20:37:00,332.69,BookMyShow,Mumbai,TRAIN01313,0
2026-06-19 19:25:00,2083.65,Flipkart,Delhi,TRAIN00695,0
2026-02-01 16:31:00,21597.62,Ola,Mumbai,TRAIN01002,1
2026-05-10 06:22:00,1453.9,Swiggy,Bengaluru,TRAIN00323,0
2026-06-28 14:24:00,107384.77,Amazon,Hyderabad,TRAIN00783,1
2026-01-24 07:35:00,301.97,BookMyShow,Pune,TRAIN01359,0
2026-08-24 03:24:00,1109.14,IRCTC,Mumbai,TRAIN01204,0
2026-08-17 20:40:00,302.69,IRCTC,Mumbai,TRAIN00971,0
2026-05-01 17:53:00,585.25,BigBasket,Bengaluru,TRAIN01467,0
2026-06-15 21:01:00,1692.56,Amazon,Chennai,TRAIN00527,0
2026-06-19 17:03:00,2364.04,Ola,Chennai,TRAIN01426,0
2026-04-04 18:31:00,18544.7,IRCTC,Mumbai,TRAIN01171,1
2026-08-04 13:00:00,21620.62,Ola,Mumbai,TRAIN00176,1
2026-07-15 05:03:00,2140.35,Swiggy,Delhi,TRAIN00359,0
2026-01-24 00:07:00,2751.2,IRCTC,Pune,TRAIN00044,0
2026-05-01 09:12:00,1716.17,BookMyShow,Pune,TRAIN00417,0
2026-03-28 22:16:00,751.16,Zomato,Delhi,TRAIN00345,0
2026-05-13 17:39:00,563.43,Zomato,Mumbai,TRAIN01027,0
2026-06-30 07:33:00,1734.31,Flipkart,Delhi,TRAIN01402,0
2026-03-31 09:51:00,136097.49,Ola,Mumbai,TRAIN00102,1
2026-04-07 12:30:00,2689.89,Swiggy,Mumbai,TRAIN00108,0
2026-02-16 11:33:00,6389.58,Amazon,Chennai,TRAIN01490,0
2026-01-18 04:07:00,542.76,BigBasket,Mumbai,TRAIN01053,0
2026-07-21 23:50:00,9487.64,Myntra,Mumbai,TRAIN00965,1
2026-01-03 05:51:00,370.44,Ola,Pune,TRAIN00381,0
2026-08-24 02:27:00,586.02,BookMyShow,Pune,TRAIN00245,0
2026-02-15 22:42:00,1802.78,Flipkart,Chennai,TRAIN01100,0
2026-03-17 20:46:00,28451.91,International Store,Bengaluru,TRAIN00501,1
2026-03-03 01:33:00,2532.52,Uber,Delhi,TRAIN00701,0
2026-06-03 08:30:00,645.75,IRCTC,Hyderabad,TRAIN00129,0
2026-03-19 06:01:00,1195.84,Amazon,Kolkata,TRAIN00240,0
2026-06-02 06:41:00,624.72,Myntra,Delhi,TRAIN01115,0
2026-01-07 11:17:00,1121.9,Swiggy,Delhi,TRAIN00683,0
2026-07-03 20:59:00,1704.35,Amazon,Chennai,TRAIN00483,0
2026-02-25 19:51:00,6253.55,Swiggy,Hyderabad,TRAIN01306,0
2026-02-02 15:49:00,17300.15,Swiggy,Mumbai,TRAIN00276,1
2026-07-09 02:48:00,47298.86,Unknown Merchant,Mumbai,TRAIN00583,1
2026-03-14 17:22:00,14485.03,Uber,International,TRAIN00204,1
2026-04-17 05:07:00,2249.97,BigBasket,Bengaluru,TRAIN00033,0
2026-04-18 17:50:00,10565.29,Flipkart,International,TRAIN01320,1
2026-01-18 21:47:00,687.5,Uber,Delhi,TRAIN00814,0
2026-08-22 03:59:00,2314.2,Uber,Mumbai,TRAIN00998,0
2026-03-27 15:55:00,1321.53,BigBasket,Kolkata,TRAIN00382,0
2026-01-05 03:40:00,2053.34,Amazon,Delhi,TRAIN01074,0
2026-04-22 01:21:00,5371.13,Uber,Kolkata,TRAIN01349,0
2026-03-27 00:08:00,130343.97,BookMyShow,Mumbai,TRAIN00579,1
2026-03-25 02:25:00,830.87,BookMyShow,Delhi,TRAIN00888,0
2026-03-02 06:58:00,3364.85,Flipkart,Pune,TRAIN01326,0
2026-05-24 16:19:00,2789.94,Amazon,Delhi,TRAIN01327,0
2026-05-17 05:47:00,11361.89,Unknown Merchant,Mumbai,TRAIN00942,1
2026-02-11 10:05:00,824.22,IRCTC,Pune,TRAIN00164,0
2026-06-27 06:18:00,371.41,Ola,Pune,TRAIN00910,0
2026-08-20 06:01:00,730.71,BookMyShow,Delhi,TRAIN00298,0
2026-04-27 03:48:00,2427.56,Uber,Delhi,TRAIN00756,0
2026-02-23 16:50:00,83620.66,Flipkart,International,TRAIN00406,1
2026-05-06 00:48:00,1175.98,BigBasket,Chennai,TRAIN00969,0
2026-05-09 04:35:00,773.7,Myntra,Mumbai,TRAIN00606,0
2026-05-08 04:24:00,3000.02,Zomato,Chennai,TRAIN00421,0
2026-02-01 18:06:00,1966.82,Amazon,Delhi,TRAIN00465,0
2026-03-03 01:28:00,11220.58,Unknown Merchant,Hyderabad,TRAIN01188,1
2026-07-03 06:59:00,1824.32,Flipkart,Mumbai,TRAIN00940,0
2026-02-21 05:58:00,1523.43,Swiggy,Mumbai,TRAIN00193,0
2026-05-08 03:09:00,1086.81,Swiggy,Pune,TRAIN00675,0
2026-04-09 02:24:00,1906.53,Uber,Bengaluru,TRAIN00352,0
2026-04-24 04:14:00,911.48,Ola,Delhi,TRAIN00859,0
2026-06-13 16:54:00,1709.11,Ola,Mumbai,TRAIN00064,0
2026-07-20 16:59:00,775.95,Myntra,Delhi,TRAIN01174,0
2026-04-14 00:58:00,603.22,Ola,Chennai,TRAIN00766,0
2026-04-23 19:22:00,459.23,Ola,Hyderabad,TRAIN01441,0
2026-03-20 21:11:00,24231.55,BigBasket,Bengaluru,TRAIN00262,1
2026-01-18 02:48:00,537.16,Flipkart,Bengaluru,TRAIN00343,0
2026-07-09 01:34:00,105908.55,BigBasket,International,TRAIN01221,1
2026-03-27 14:03:00,1496.71,Ola,Mumbai,TRAIN00472,0
2026-02-23 09:05:00,94253.46,International Store,Hyderabad,TRAIN01335,1
2026-04-01 20:42:00,2372.09,Zomato,Mumbai,TRAIN00199,0
2026-02-05 06:33:00,597.12,Uber,Bengaluru,TRAIN01232,0
2026-05-05 19:01:00,24013.22,Unknown Merchant,Bengaluru,TRAIN00918,1
2026-04-19 11:44:00,908.96,BookMyShow,Delhi,TRAIN00744,0
2026-08-02 06:42:00,3372.4,Uber,Delhi,TRAIN00571,0
2026-05-27 06:49:00,44274.4,Uber,International,TRAIN00219,1
2026-04-10 18:40:00,868.9,Myntra,Bengaluru,TRAIN00454,0
2026-05-28 07:43:00,598.93,Flipkart,Bengaluru,TRAIN00031,0
2026-08-13 07:22:00,239.75,BigBasket,Bengaluru,TRAIN00057,0
2026-04-03 16:25:00,7410.71,BookMyShow,Bengaluru,TRAIN01211,0
2026-03-11 21:51:00,1006.94,Amazon,Delhi,TRAIN01386,0
2026-05-21 19:23:00,2331.67,Swiggy,Kolkata,TRAIN01066,0
2026-06-13 22:34:00,1025.88,Amazon,Chennai,TRAIN00431,0
2026-03-27 13:58:00,1819.24,Swiggy,Mumbai,TRAIN00725,0
2026-08-23 17:06:00,12704.0,Unknown Merchant,Hyderabad,TRAIN01145,1
2026-04-09 21:27:00,25014.34,International Store,International,TRAIN01006,1
2026-03-25 01:51:00,2908.73,IRCTC,Bengaluru,TRAIN01051,0
2026-06-04 19:19:00,2804.88,BookMyShow,Chennai,TRAIN01346,0
2026-01-01 14:03:00,365.45,BigBasket,Kolkata,TRAIN01237,0
2026-06-30 20:28:00,444.75,Zomato,Delhi,TRAIN01236,0
2026-01-04 15:35:00,428.91,BigBasket,Chennai,TRAIN01449,0
2026-01-14 15:30:00,2921.01,Amazon,Mumbai,TRAIN00621,0
2026-01-05 08:55:00,1823.92,IRCTC,Delhi,TRAIN01068,0
2026-07-02 03:02:00,869.55,Zomato,Delhi,TRAIN00839,0
2026-07-24 14:30:00,1285.85,Amazon,Delhi,TRAIN00100,0
2026-03-05 12:42:00,1579.44,BigBasket,Mumbai,TRAIN00533,0
2026-02-26 15:53:00,9238.35,Unknown Merchant,Hyderabad,TRAIN00529,1
2026-06-24 16:25:00,2158.06,IRCTC,Chennai,TRAIN01347,0
2026-08-26 22:46:00,800.66,Myntra,Mumbai,TRAIN01173,0
2026-08-16 20:59:00,751.44,BookMyShow,Kolkata,TRAIN01179,0
2026-03-01 01:50:00,643.19,Swiggy,Mumbai,TRAIN00630,0
2026-06-04 18:58:00,1056.87,Swiggy,Bengaluru,TRAIN01028,0
2026-07-02 05:33:00,567.75,Swiggy,Pune,TRAIN00271,0
2026-01-29 20:37:00,551.33,Amazon,Bengaluru,TRAIN01342,0
2026-05-20 10:52:00,29745.84,Unknown Merchant,Mumbai,TRAIN00627,1
2026-07-02 18:00:00,1676.6,Zomato,Pune,TRAIN01043,0
2026-05-06 14:42:00,2131.78,BookMyShow,Mumbai,TRAIN00977,0
2026-02-08 22:05:00,22063.51,Ola,International,TRAIN00372,1
2026-07-20 07:49:00,6599.97,Swiggy,Delhi,TRAIN00589,0
2026-06-25 14:01:00,635.04,Ola,Kolkata,TRAIN00968,0
2026-02-03 08:46:00,2622.4,BookMyShow,Delhi,TRAIN01166,0
2026-01-14 15:03:00,4212.88,Ola,Delhi,TRAIN01147,0
2026-03-08 08:52:00,1247.89,IRCTC,Delhi,TRAIN00237,0
2026-02-14 07:11:00,1123.5,IRCTC,Mumbai,TRAIN00597,0
2026-07-09 10:04:00,2972.67,IRCTC,Chennai,TRAIN00963,0
2026-07-28 05:33:00,5786.08,BigBasket,Mumbai,TRAIN01446,0
2026-05-27 10:26:00,1719.74,BookMyShow,Mumbai,TRAIN01164,0
2026-06-21 11:52:00,3102.01,Uber,Pune,TRAIN00591,0
2026-07-23 19:56:00,722.75,IRCTC,Pune,TRAIN00209,0
2026-05-13 21:44:00,2174.84,BookMyShow,Hyderabad,TRAIN01075,0
2026-03-03 07:02:00,543.42,Flipkart,Chennai,TRAIN00900,0
2026-08-28 02:11:00,338.51,BigBasket,Chennai,TRAIN00354,0
2026-05-08 18:39:00,1118.09,Uber,Chennai,TRAIN00059,0
2026-02-03 01:29:00,788.01,Flipkart,Mumbai,TRAIN00304,0
2026-07-10 20:04:00,1145.51,Zomato,Mumbai,TRAIN01448,0
2026-04-07 12:07:00,1329.63,Myntra,Kolkata,TRAIN00844,0
2026-05-20 15:08:00,3191.93,BigBasket,Delhi,TRAIN01262,0
2026-06-02 21:32:00,92956.1,Flipkart,Hyderabad,TRAIN01431,1
2026-01-08 20:09:00,4528.63,Zomato,Kolkata,TRAIN01210,0
2026-01-24 19:15:00,1151.56,BookMyShow,Mumbai,TRAIN00368,0
2026-05-18 18:46:00,132738.98,Amazon,Mumbai,TRAIN01358,1
2026-04-04 16:08:00,1044.06,BookMyShow,Kolkata,TRAIN01198,0
2026-08-01 10:25:00,921.76,Swiggy,Pune,TRAIN01305,0
2026-06-11 23:29:00,356.36,Uber,Delhi,TRAIN01233,0
2026-01-18 06:02:00,1454.54,Zomato,Delhi,TRAIN00705,0
2026-01-23 08:19:00,1202.7,IRCTC,Hyderabad,TRAIN00234,0
2026-04-16 04:00:00,2454.89,IRCTC,Hyderabad,TRAIN00619,0
2026-03-18 22:12:00,1323.94,Myntra,Bengaluru,TRAIN00197,0
2026-01-12 21:06:00,590.54,Uber,Bengaluru,TRAIN01260,0
2026-05-18 17:11:00,2854.24,Amazon,Mumbai,TRAIN00082,0
2026-06-23 01:24:00,1083.25,Ola,Kolkata,TRAIN01405,0
2026-04-18 16:18:00,98978.49,BigBasket,Hyderabad,TRAIN00598,1
2026-06-12 01:36:00,1231.37,Swiggy,Delhi,TRAIN01157,0
2026-03-01 10:35:00,969.52,BigBasket,Hyderabad,TRAIN00112,0
2026-03-19 05:25:00,24989.88,Unknown Merchant,Hyderabad,TRAIN01277,1
2026-07-25 18:20:00,1164.24,BookMyShow,Bengaluru,TRAIN00781,0
2026-05-31 22:36:00,1544.2,Zomato,Pune,TRAIN00984,0
2026-03-09 23:56:00,1004.39,BigBasket,Mumbai,TRAIN00800,0
2026-05-08 03:23:00,1412.05,Swiggy,Delhi,TRAIN01266,0
2026-03-16 08:33:00,30447.06,Myntra,Hyderabad,TRAIN01151,1
2026-03-26 10:03:00,71761.56,BigBasket,Hyderabad,TRAIN00825,1
2026-07-09 09:41:00,79484.99,Zomato,Hyderabad,TRAIN00383,1
2026-08-22 09:47:00,1041.73,Zomato,Bengaluru,TRAIN00539,0
2026-05-22 16:14:00,1414.15,BookMyShow,Bengaluru,TRAIN01494,0
2026-07-15 04:26:00,399.68,BigBasket,Chennai,TRAIN01113,0
2026-01-23 01:44:00,3347.63,Flipkart,Delhi,TRAIN00325,0
2026-03-03 01:28:00,364.95,Myntra,Pune,TRAIN00362,0
2026-03-22 02:52:00,875.89,Uber,Chennai,TRAIN01488,0
2026-07-29 02:55:00,325.7,IRCTC,Bengaluru,TRAIN01030,0
2026-01-18 04:32:00,522.42,Amazon,Delhi,TRAIN00708,0
2026-06-29 18:14:00,940.04,Uber,Pune,TRAIN00333,0
2026-01-31 14:44:00,3461.52,Uber,Pune,TRAIN00430,0
2026-02-12 06:10:00,387.4,Swiggy,Kolkata,TRAIN01243,0
2026-07-24 11:00:00,2319.93,Ola,Mumbai,TRAIN00426,0
2026-04-29 12:35:00,7583.72,Amazon,Delhi,TRAIN00629,0
2026-05-21 01:16:00,5529.89,BookMyShow,Mumbai,TRAIN01112,0
2026-07-26 15:45:00,1377.95,IRCTC,Bengaluru,TRAIN00678,0
2026-02-08 10:01:00,677.51,Amazon,Mumbai,TRAIN00694,0
2026-07-31 07:34:00,820.94,Ola,Mumbai,TRAIN00758,0
2026-01-24 04:20:00,3010.3,Flipkart,Hyderabad,TRAIN00255,0
2026-08-26 20:29:00,1517.7,Swiggy,Chennai,TRAIN01095,0
2026-04-16 18:01:00,952.82,Myntra,Delhi,TRAIN00917,0
2026-06-03 12:04:00,2110.42,Swiggy,Mumbai,TRAIN01186,0
2026-05-26 09:53:00,698.25,Amazon,Delhi,TRAIN00669,0
2026-07-13 02:32:00,432.38,BookMyShow,Delhi,TRAIN00842,0
2026-03-02 18:44:00,47183.61,BigBasket,Mumbai,TRAIN00807,1
2026-03-24 00:55:00,5669.61,Uber,Hyderabad,TRAIN01457,0
2026-02-01 00:49:00,2540.07,Flipkart,Mumbai,TRAIN00087,0
2026-05-06 03:29:00,1338.03,BookMyShow,Delhi,TRAIN01422,0
2026-08-26 09:22:00,1377.63,IRCTC,Kolkata,TRAIN00266,0
2026-05-14 09:20:00,1505.01,Zomato,Mumbai,TRAIN00288,0
2026-06-30 02:43:00,1356.78,Zomato,Pune,TRAIN01484,0
2026-04-12 20:58:00,744.49,Ola,Delhi,TRAIN00893,0
2026-04-30 11:08:00,1591.05,Uber,Mumbai,TRAIN01496,0
2026-06-23 04:00:00,882.11,IRCTC,Bengaluru,TRAIN00979,0
2026-03-29 22:40:00,1210.59,IRCTC,Delhi,TRAIN00535,0
2026-01-07 01:41:00,15867.16,International Store,Bengaluru,TRAIN01001,1
2026-01-14 07:35:00,25478.05,IRCTC,Hyderabad,TRAIN00222,1
2026-02-01 02:49:00,1418.54,Zomato,Pune,TRAIN00114,0
2026-06-08 00:31:00,318.89,Swiggy,Delhi,TRAIN00673,0
2026-05-08 01:19:00,340.61,Myntra,Chennai,TRAIN00584,0
2026-01-27 21:13:00,2198.07,Flipkart,Bengaluru,TRAIN00175,0
2026-02-02 10:36:00,3613.85,Ola,Hyderabad,TRAIN00536,0
2026-04-16 15:33:00,11432.18,Amazon,International,TRAIN01079,1
2026-08-09 11:40:00,4066.35,IRCTC,Mumbai,TRAIN01177,0
2026-07-31 00:27:00,290.82,Myntra,Pune,TRAIN01107,0
2026-04-29 12:44:00,1209.26,BookMyShow,Chennai,TRAIN00983,0
2026-08-11 18:11:00,1262.77,Zomato,Kolkata,TRAIN00286,0
2026-02-19 23:19:00,44385.5,IRCTC,Bengaluru,TRAIN00868,1
2026-02-08 11:58:00,1338.8,Myntra,Delhi,TRAIN00375,0
2026-07-11 07:49:00,1003.31,IRCTC,Delhi,TRAIN01197,0
2026-04-23 10:32:00,1015.78,Ola,Kolkata,TRAIN00032,0
2026-05-26 19:41:00,1848.38,Amazon,Delhi,TRAIN00552,0
2026-06-24 17:59:00,752.52,Swiggy,Delhi,TRAIN00211,0
2026-05-07 07:29:00,3153.05,Swiggy,Pune,TRAIN01047,0
2026-05-31 18:27:00,6242.98,BigBasket,Mumbai,TRAIN00924,0
2026-03-01 05:45:00,1708.75,Flipkart,Kolkata,TRAIN00810,0
2026-08-06 19:46:00,553.38,IRCTC,Chennai,TRAIN00618,0
2026-05-28 03:44:00,818.6,Zomato,Kolkata,TRAIN00933,0
2026-01-07 18:26:00,628.66,Myntra,Delhi,TRAIN00620,0
2026-06-22 13:27:00,3151.32,Myntra,Bengaluru,TRAIN00189,0
2026-04-26 01:15:00,733.42,BookMyShow,Hyderabad,TRAIN00711,0
2026-06-11 17:59:00,1017.73,Swiggy,Delhi,TRAIN00937,0
2026-04-16 08:38:00,4125.52,BigBasket,Bengaluru,TRAIN01169,0
2026-07-14 16:16:00,42746.09,Amazon,Bengaluru,TRAIN01220,1
2026-01-29 22:24:00,619.89,BookMyShow,Pune,TRAIN01098,0
2026-02-21 00:12:00,1262.88,BookMyShow,Mumbai,TRAIN00902,0
2026-02-20 07:36:00,108943.59,Unknown Merchant,International,TRAIN00084,1
2026-02-26 11:48:00,855.51,Flipkart,Kolkata,TRAIN00702,0
2026-06-12 23:18:00,1284.36,Amazon,Delhi,TRAIN00049,0
2026-06-04 00:21:00,466.02,Amazon,Pune,TRAIN01284,0
2026-08-20 11:42:00,54237.48,Zomato,Bengaluru,TRAIN00156,1
2026-05-01 15:30:00,672.97,Uber,Kolkata,TRAIN01152,0
2026-05-03 17:32:00,1607.68,Ola,Chennai,TRAIN01142,0
2026-05-04 05:21:00,2859.93,Uber,Delhi,TRAIN00975,0
2026-01-18 12:20:00,800.5,Ola,Delhi,TRAIN01058,0
2026-01-05 00:28:00,1601.38,Swiggy,Mumbai,TRAIN00808,0
2026-01-25 14:35:00,3007.75,Uber,Bengaluru,TRAIN01230,0
2026-08-07 16:24:00,1321.94,Swiggy,Hyderabad,TRAIN01481,0
2026-04-17 07:44:00,1030.8,Ola,Delhi,TRAIN01437,0
2026-02-10 01:12:00,33580.17,Amazon,Hyderabad,TRAIN00180,1
2026-01-19 08:26:00,585.35,Swiggy,Delhi,TRAIN01356,0
2026-06-30 20:18:00,360.82,BigBasket,Hyderabad,TRAIN01247,0
2026-01-28 01:27:00,22522.59,Flipkart,Mumbai,TRAIN01041,1
2026-08-19 12:49:00,29036.12,Zomato,Hyderabad,TRAIN00950,1
2026-03-13 16:37:00,4219.72,BigBasket,Delhi,TRAIN00817,0
2026-02-15 15:41:00,77428.16,Uber,Mumbai,TRAIN00364,1
2026-07-02 23:21:00,1970.78,Ola,Delhi,TRAIN01178,0
2026-04-28 23:04:00,2223.3,BigBasket,Mumbai,TRAIN01199,0
2026-02-01 17:55:00,1325.22,Zomato,Mumbai,TRAIN00347,0
2026-03-08 07:17:00,583.02,Ola,Kolkata,TRAIN01011,0
2026-07-26 22:45:00,11849.51,Swiggy,International,TRAIN00615,1
2026-01-05 17:00:00,1881.39,Swiggy,Delhi,TRAIN00966,0
2026-06-30 04:59:00,438.17,Flipkart,Delhi,TRAIN01274,0
2026-02-28 07:20:00,1135.88,IRCTC,Bengaluru,TRAIN00590,0
2026-07-21 01:59:00,316.58,BookMyShow,Mumbai,TRAIN01289,0
2026-01-10 22:05:00,545.16,Uber,Delhi,TRAIN00632,0
2026-02-28 22:37:00,677.45,IRCTC,Chennai,TRAIN00244,0
2026-05-18 06:17:00,386.32,Flipkart,Chennai,TRAIN01375,0
2026-02-26 11:17:00,996.01,Amazon,Mumbai,TRAIN01452,0
2026-03-27 00:15:00,1008.08,Zomato,Mumbai,TRAIN00765,0
2026-07-19 20:38:00,1709.72,IRCTC,Mumbai,TRAIN00988,0
2026-04-19 11:19:00,2757.15,Ola,Delhi,TRAIN00412,0
2026-05-03 05:52:00,684.42,Flipkart,Mumbai,TRAIN01421,0
2026-07-26 20:04:00,794.38,Uber,Delhi,TRAIN01226,0
2026-08-19 10:09:00,553.23,Uber,Delhi,TRAIN00309,0
2026-02-26 20:12:00,944.89,Flipkart,Bengaluru,TRAIN00882,0
2026-02-10 14:51:00,406.91,Ola,Mumbai,TRAIN00399,0
2026-02-02 17:49:00,1162.28,Swiggy,Kolkata,TRAIN00371,0
2026-06-02 13:34:00,632.79,Ola,Pune,TRAIN00055,0
2026-04-27 07:35:00,2557.82,BookMyShow,Delhi,TRAIN01339,0
2026-03-22 20:10:00,21493.9,BookMyShow,Hyderabad,TRAIN01183,1
2026-04-18 03:17:00,991.88,BigBasket,Delhi,TRAIN00313,0
2026-04-03 19:01:00,1057.2,Uber,Kolkata,TRAIN00922,0
2026-04-25 21:06:00,519.07,Ola,Delhi,TRAIN00110,0
2026-02-05 11:28:00,5267.04,Myntra,Pune,TRAIN00719,0
2026-07-12 05:12:00,784.5,Zomato,Mumbai,TRAIN00692,0
2026-03-07 07:34:00,616.45,Amazon,Hyderabad,TRAIN00101,0
2026-03-30 12:40:00,1568.32,Amazon,Bengaluru,TRAIN01126,0
2026-07-28 10:00:00,722.63,BigBasket,Mumbai,TRAIN00670,0
2026-04-21 18:46:00,333.29,BigBasket,Mumbai,TRAIN01376,0
2026-08-18 01:08:00,2025.23,Myntra,Mumbai,TRAIN00267,0
2026-01-16 19:16:00,1507.79,Zomato,Delhi,TRAIN00679,0
2026-01-19 17:47:00,243.03,BigBasket,Bengaluru,TRAIN00297,0
2026-04-13 15:09:00,866.14,BigBasket,Pune,TRAIN00530,0
2026-07-13 23:44:00,562.96,BigBasket,Delhi,TRAIN00945,0
2026-06-24 02:51:00,997.16,Ola,Delhi,TRAIN01014,0
2026-03-10 06:51:00,1013.23,Uber,Pune,TRAIN00951,0
2026-06-11 16:54:00,1951.54,Swiggy,Delhi,TRAIN00378,0
2026-04-19 14:01:00,372.61,Swiggy,Bengaluru,TRAIN00287,0
2026-05-19 08:05:00,4121.93,Swiggy,Bengaluru,TRAIN01439,0
2026-02-03 23:26:00,495.04,Zomato,Kolkata,TRAIN00731,0
2026-02-26 05:13:00,1684.67,Myntra,Delhi,TRAIN00127,0
2026-02-25 04:59:00,2226.97,IRCTC,Hyderabad,TRAIN00328,0
2026-03-22 20:54:00,20378.7,Flipkart,Mumbai,TRAIN00293,1
2026-06-16 04:41:00,275.74,BigBasket,Delhi,TRAIN00549,0
2026-01-22 09:55:00,1920.63,Swiggy,Delhi,TRAIN00728,0
2026-04-19 02:32:00,569.07,IRCTC,Hyderabad,TRAIN00909,0
2026-03-25 01:07:00,1004.84,Uber,Bengaluru,TRAIN00356,0
2026-02-25 07:08:00,922.29,Uber,Chennai,TRAIN00171,0
2026-01-31 21:58:00,1940.43,IRCTC,Delhi,TRAIN00967,0
2026-05-02 02:18:00,1565.46,Swiggy,Delhi,TRAIN01134,0
2026-03-14 03:53:00,2943.43,Flipkart,Mumbai,TRAIN00652,0
2026-01-11 16:37:00,1607.36,Zomato,Pune,TRAIN00210,0
2026-04-19 04:49:00,3193.38,Flipkart,Delhi,TRAIN01398,0
2026-06-03 05:10:00,1446.43,BookMyShow,Pune,TRAIN00141,0
2026-01-31 00:54:00,979.53,Myntra,Delhi,TRAIN01084,0
2026-01-27 15:29:00,994.93,Ola,Mumbai,TRAIN00991,0
2026-03-16 01:52:00,1737.2,Myntra,Mumbai,TRAIN00651,0
2026-03-05 04:42:00,492.22,BookMyShow,Mumbai,TRAIN01189,0
2026-02-06 23:43:00,945.22,Flipkart,Bengaluru,TRAIN01499,0
2026-06-07 19:52:00,331.69,Swiggy,Delhi,TRAIN00486,0
2026-01-01 16:54:00,117345.71,Amazon,Hyderabad,TRAIN00528,1
2026-06-14 15:04:00,1544.59,Zomato,Mumbai,TRAIN00200,0
2026-06-15 05:49:00,9205.03,IRCTC,Mumbai,TRAIN00890,1
2026-05-01 06:07:00,483.25,Myntra,Pune,TRAIN00845,0
2026-02-13 21:10:00,1598.18,Swiggy,Delhi,TRAIN01069,0
2026-06-13 23:15:00,1868.35,Ola,Delhi,TRAIN01206,0
2026-03-24 17:11:00,793.91,Flipkart,Delhi,TRAIN01055,0
2026-08-04 20:59:00,728.47,Zomato,Pune,TRAIN00011,0
2026-01-02 09:55:00,862.29,Uber,Bengaluru,TRAIN00148,0
2026-06-12 20:32:00,1469.89,BookMyShow,Delhi,TRAIN00722,0
2026-04-06 17:44:00,1280.44,IRCTC,Bengaluru,TRAIN00283,0
2026-03-01 00:03:00,251.33,IRCTC,Pune,TRAIN00299,0
2026-03-07 14:58:00,3522.97,Ola,Mumbai,TRAIN00614,0
2026-01-13 22:50:00,1872.9,BookMyShow,Kolkata,TRAIN00292,0
2026-07-28 18:30:00,604.05,BookMyShow,Kolkata,TRAIN00650,0
2026-04-24 14:01:00,894.18,Uber,Bengaluru,TRAIN00599,0
2026-03-10 20:31:00,437.78,Amazon,Mumbai,TRAIN01044,0
2026-08-05 04:42:00,12878.24,Amazon,Hyderabad,TRAIN00553,1
2026-07-05 15:41:00,1043.62,Ola,Hyderabad,TRAIN01299,0
2026-01-15 06:42:00,1064.96,Myntra,Mumbai,TRAIN00130,0
2026-05-10 06:44:00,1148.24,BookMyShow,Mumbai,TRAIN01062,0
2026-03-10 05:11:00,6866.51,Amazon,Mumbai,TRAIN00332,0
2026-05-29 14:27:00,876.5,IRCTC,Chennai,TRAIN00324,0
2026-02-20 21:08:00,1312.15,BookMyShow,Mumbai,TRAIN00681,0
2026-03-22 21:12:00,928.4,Swiggy,Delhi,TRAIN00479,0
2026-07-05 18:15:00,8457.4,IRCTC,Delhi,TRAIN00562,0
2026-05-07 12:45:00,1140.35,Ola,Delhi,TRAIN00136,0
2026-03-16 01:46:00,1366.26,Swiggy,Delhi,TRAIN00507,0
2026-05-14 19:39:00,1430.53,Amazon,Delhi,TRAIN00514,0
2026-07-04 07:08:00,2294.13,BigBasket,Chennai,TRAIN01372,0
2026-01-26 00:06:00,1803.02,Amazon,Mumbai,TRAIN00436,0
2026-04-14 08:36:00,1352.08,Zomato,Delhi,TRAIN00874,0
2026-03-12 23:27:00,97141.13,International Store,Bengaluru,TRAIN01463,1
2026-01-01 21:44:00,1019.65,Myntra,Delhi,TRAIN00753,0
2026-02-01 02:19:00,883.07,Swiggy,Kolkata,TRAIN00666,0
2026-08-25 11:47:00,357.21,Swiggy,Chennai,TRAIN00159,0
2026-08-11 07:50:00,2333.43,BigBasket,Hyderabad,TRAIN01254,0
2026-02-01 14:50:00,4457.72,Amazon,Kolkata,TRAIN01293,0
2026-01-11 05:37:00,953.11,Uber,Delhi,TRAIN00576,0
2026-01-27 09:51:00,500.92,BookMyShow,Delhi,TRAIN00353,0
2026-07-23 17:01:00,4807.28,Flipkart,Delhi,TRAIN00938,0
2026-01-25 20:22:00,1054.36,Myntra,Delhi,TRAIN01296,0
2026-01-06 16:22:00,4670.88,Myntra,Bengaluru,TRAIN01393,0
2026-05-26 06:50:00,819.74,Amazon,Hyderabad,TRAIN01301,0
2026-03-05 21:20:00,1124.23,BigBasket,Bengaluru,TRAIN00592,0
2026-05-19 01:20:00,788.19,Flipkart,Delhi,TRAIN00665,0
2026-08-02 08:24:00,16297.18,BookMyShow,International,TRAIN00196,1
2026-07-31 07:03:00,1049.76,Swiggy,Mumbai,TRAIN01241,0
2026-01-22 01:56:00,2267.57,IRCTC,Mumbai,TRAIN01049,0
2026-08-12 10:20:00,2679.95,Myntra,Delhi,TRAIN00439,0
2026-02-03 02:01:00,43734.32,Myntra,International,TRAIN01436,1
2026-06-06 15:46:00,987.69,Flipkart,Delhi,TRAIN00644,0
2026-07-24 04:35:00,394.82,Swiggy,Delhi,TRAIN00097,0
2026-03-14 06:35:00,1606.57,Uber,Delhi,TRAIN00585,0
2026-07-19 12:43:00,2048.53,Ola,Delhi,TRAIN01215,0
2026-08-20 07:02:00,2979.37,Myntra,Mumbai,TRAIN00157,0
2026-06-03 16:47:00,1725.14,Zomato,Chennai,TRAIN00420,0
2026-08-10 12:54:00,193.02,Ola,Bengaluru,TRAIN00411,0
2026-08-01 10:54:00,15708.08,Uber,Mumbai,TRAIN01223,1
2026-05-26 13:35:00,2473.75,Flipkart,Delhi,TRAIN00478,0
2026-04-12 04:28:00,1477.41,Uber,Delhi,TRAIN00515,0
2026-08-21 12:18:00,3562.51,Amazon,Delhi,TRAIN01286,0
2026-03-02 10:13:00,999.18,IRCTC,Delhi,TRAIN01454,0
2026-07-22 03:30:00,25028.53,IRCTC,Hyderabad,TRAIN01119,1
2026-05-11 11:43:00,1288.45,BookMyShow,Hyderabad,TRAIN00448,0
2026-03-13 11:30:00,2278.66,IRCTC,Pune,TRAIN00179,0
2026-02-25 17:05:00,7122.63,BigBasket,Delhi,TRAIN00391,0
2026-02-08 03:49:00,3750.4,Myntra,Pune,TRAIN01290,0
2026-06-04 17:15:00,1218.42,Flipkart,Mumbai,TRAIN01308,0
2026-01-17 05:57:00,419.27,BookMyShow,Mumbai,TRAIN01367,0
2026-03-24 11:44:00,3700.7,BigBasket,Mumbai,TRAIN01048,0
2026-08-17 01:20:00,21232.29,Unknown Merchant,International,TRAIN01143,1
2026-06-27 17:04:00,356.86,BookMyShow,Mumbai,TRAIN00635,0
2026-06-12 13:14:00,1644.76,IRCTC,Mumbai,TRAIN00866,0
2026-06-13 07:40:00,1242.6,Flipkart,Bengaluru,TRAIN00788,0
2026-07-13 23:02:00,621.82,Zomato,Bengaluru,TRAIN00745,0
2026-01-10 22:03:00,3179.84,BookMyShow,Pune,TRAIN00860,0
2026-08-26 13:05:00,1447.96,Amazon,Mumbai,TRAIN00295,0
2026-01-14 16:10:00,138033.37,Flipkart,Mumbai,TRAIN00545,1
2026-01-01 21:53:00,882.84,IRCTC,Kolkata,TRAIN01363,0
2026-07-23 10:54:00,1210.33,Uber,Kolkata,TRAIN00089,0
2026-08-19 17:57:00,492.54,Uber,Delhi,TRAIN01032,0
2026-06-08 20:52:00,956.12,Myntra,Delhi,TRAIN01380,0
2026-01-05 03:01:00,2194.56,Zomato,Bengaluru,TRAIN00577,0
2026-03-18 08:19:00,748.72,Myntra,Mumbai,TRAIN00907,0
2026-02-07 15:06:00,4114.25,Swiggy,Bengaluru,TRAIN01388,0
2026-05-06 21:46:00,4764.92,BookMyShow,Delhi,TRAIN01092,0
2026-04-06 17:13:00,544.84,Swiggy,Delhi,TRAIN00944,0
2026-07-18 18:18:00,1100.43,Ola,Kolkata,TRAIN00291,0
2026-04-30 02:19:00,443.77,Ola,Hyderabad,TRAIN01419,0
2026-06-29 01:57:00,1762.56,Amazon,Pune,TRAIN01019,0
2026-06-04 15:40:00,3210.22,Myntra,Chennai,TRAIN00349,0
2026-05-07 17:15:00,261.48,Myntra,Hyderabad,TRAIN00568,0
2026-05-24 18:02:00,3244.36,Myntra,Delhi,TRAIN01413,0
2026-07-28 20:46:00,320.58,Zomato,Delhi,TRAIN01059,0
2026-07-16 14:43:00,2411.15,BigBasket,Pune,TRAIN00600,0
2026-01-25 09:39:00,655.48,BigBasket,Pune,TRAIN00459,0
2026-02-15 06:53:00,319.31,BookMyShow,Mumbai,TRAIN00376,0
2026-07-05 06:09:00,3606.39,BigBasket,Hyderabad,TRAIN00334,0
2026-08-21 00:22:00,1726.0,BookMyShow,Delhi,TRAIN00757,0
2026-05-24 00:48:00,1363.82,Ola,Pune,TRAIN01324,0
2026-06-17 19:28:00,811.11,Myntra,Chennai,TRAIN00712,0
2026-04-23 23:38:00,88265.09,Swiggy,Bengaluru,TRAIN01390,1
2026-03-03 12:46:00,1534.39,Flipkart,Chennai,TRAIN00567,0
2026-02-15 10:19:00,979.34,BigBasket,Delhi,TRAIN00329,0
2026-02-16 19:19:00,39292.33,BookMyShow,Bengaluru,TRAIN00319,1
2026-01-28 21:17:00,622.5,Uber,Chennai,TRAIN01303,0
2026-08-28 21:57:00,1268.16,Ola,Mumbai,TRAIN00953,0
2026-03-08 20:13:00,1490.57,Amazon,Hyderabad,TRAIN00013,0
2026-03-22 08:06:00,216.92,Zomato,Mumbai,TRAIN00172,0
2026-02-10 15:41:00,4530.48,Zomato,Delhi,TRAIN00261,0
2026-06-13 09:38:00,1379.69,Swiggy,Delhi,TRAIN00820,0
2026-03-30 20:00:00,1893.86,Uber,Chennai,TRAIN01495,0
2026-01-19 12:50:00,1015.32,Myntra,Hyderabad,TRAIN00797,0
2026-07-14 13:06:00,536.99,BigBasket,Delhi,TRAIN00139,0
2026-06-08 02:14:00,20825.52,BigBasket,Bengaluru,TRAIN00550,1
2026-07-05 07:52:00,715.15,Zomato,Delhi,TRAIN00616,0
2026-06-08 21:44:00,2056.66,BigBasket,Pune,TRAIN00846,0
2026-08-13 00:57:00,828.26,Flipkart,Bengaluru,TRAIN00778,0
2026-08-05 15:16:00,584.97,BigBasket,Delhi,TRAIN00559,0
2026-01-27 01:46:00,640.33,Uber,Hyderabad,TRAIN00140,0
2026-07-23 14:11:00,114.57,Swiggy,Pune,TRAIN01310,0
2026-03-30 10:01:00,428.5,Zomato,Kolkata,TRAIN01024,0
2026-04-15 12:10:00,687.76,Swiggy,Mumbai,TRAIN00225,0
2026-01-05 14:54:00,20121.22,Uber,Mumbai,TRAIN00964,1
2026-06-27 08:05:00,517.5,BookMyShow,Delhi,TRAIN00410,0
2026-04-02 03:03:00,2486.0,IRCTC,Pune,TRAIN00326,0
2026-08-13 17:18:00,186.71,Ola,Bengaluru,TRAIN00300,0
2026-03-28 07:34:00,128940.31,IRCTC,Bengaluru,TRAIN00994,1
2026-08-24 10:48:00,3511.1,Amazon,Hyderabad,TRAIN01033,0
2026-07-25 09:11:00,435.83,Ola,Hyderabad,TRAIN00671,0
2026-03-07 22:26:00,942.63,Zomato,Delhi,TRAIN01480,0
2026-04-12 09:02:00,301.66,IRCTC,Bengaluru,TRAIN00947,0
2026-07-01 09:31:00,486.42,Swiggy,Mumbai,TRAIN01270,0
2026-05-29 13:46:00,18201.83,Amazon,International,TRAIN00574,1
2026-04-07 20:46:00,296.85,Myntra,Kolkata,TRAIN00504,0
2026-04-19 12:06:00,1329.51,IRCTC,Delhi,TRAIN01038,0
2026-07-17 19:06:00,1260.92,Uber,Mumbai,TRAIN00004,0
2026-05-31 06:38:00,737.9,Swiggy,Mumbai,TRAIN01469,0
2026-07-26 14:53:00,1138.8,BigBasket,Mumbai,TRAIN00468,0
2026-05-17 18:57:00,48432.22,Swiggy,Mumbai,TRAIN00322,1
2026-03-27 10:04:00,1044.64,BigBasket,Kolkata,TRAIN00006,0
2026-02-05 12:32:00,725.39,Uber,Mumbai,TRAIN00974,0
2026-06-11 12:05:00,359.05,BookMyShow,Hyderabad,TRAIN00548,0
2026-01-03 18:12:00,1894.27,Zomato,Hyderabad,TRAIN01477,0
2026-05-04 22:43:00,1601.65,Myntra,Delhi,TRAIN00040,0
2026-05-01 04:35:00,3899.4,Zomato,Hyderabad,TRAIN00543,0
2026-05-12 00:35:00,586.39,IRCTC,Bengaluru,TRAIN00243,0
2026-08-25 16:15:00,403.01,Myntra,Bengaluru,TRAIN00137,0
2026-05-04 00:11:00,1162.41,Uber,Kolkata,TRAIN00603,0
2026-01-06 05:45:00,974.09,Amazon,Pune,TRAIN00773,0
2026-03-27 21:09:00,3140.61,Amazon,Kolkata,TRAIN00847,0
2026-06-04 02:03:00,390.14,IRCTC,Hyderabad,TRAIN01091,0
2026-01-14 18:13:00,1203.34,Swiggy,Mumbai,TRAIN01366,0
2026-04-10 00:31:00,28735.1,International Store,Bengaluru,TRAIN00582,1
2026-01-28 18:55:00,1030.71,IRCTC,Delhi,TRAIN01475,0
2026-04-27 15:59:00,937.66,Flipkart,Chennai,TRAIN00789,0
2026-04-16 01:25:00,505.38,Ola,Mumbai,TRAIN01389,0
2026-05-30 08:42:00,398.11,Ola,Pune,TRAIN00377,0
2026-07-28 11:39:00,3250.45,Myntra,Hyderabad,TRAIN00315,0
2026-06-23 18:57:00,2592.18,Amazon,Chennai,TRAIN00443,0
2026-07-26 19:39:00,3634.12,BookMyShow,Delhi,TRAIN00320,0
2026-07-24 17:30:00,853.98,Flipkart,Delhi,TRAIN01479,0
2026-04-21 14:48:00,5642.02,Uber,Delhi,TRAIN00794,0
2026-05-04 10:37:00,680.21,Swiggy,Bengaluru,TRAIN01133,0
2026-03-22 09:14:00,3636.53,IRCTC,Mumbai,TRAIN00425,0
2026-06-24 20:16:00,3319.76,IRCTC,Bengaluru,TRAIN00554,0
2026-02-20 10:04:00,359.22,IRCTC,Mumbai,TRAIN00595,0
2026-01-04 17:22:00,383.12,Swiggy,Delhi,TRAIN00894,0
2026-04-19 17:03:00,20747.09,Swiggy,International,TRAIN01482,1
2026-08-19 01:58:00,24445.13,Unknown Merchant,Mumbai,TRAIN01218,1
2026-04-26 15:45:00,97303.39,Flipkart,Bengaluru,TRAIN01165,1
2026-05-14 17:22:00,1673.94,Ola,Kolkata,TRAIN00228,0
2026-01-07 18:41:00,727.79,Myntra,Bengaluru,TRAIN00715,0
2026-03-24 05:44:00,2292.5,Swiggy,Chennai,TRAIN00811,0
2026-05-05 21:02:00,1088.2,Swiggy,Hyderabad,TRAIN00980,0
2026-06-19 07:13:00,2067.45,Zomato,Mumbai,TRAIN01076,0
2026-08-05 23:16:00,10180.49,Unknown Merchant,International,TRAIN00067,1
2026-07-15 03:41:00,1061.15,IRCTC,Mumbai,TRAIN00394,0
2026-02-18 08:54:00,908.24,Amazon,Mumbai,TRAIN00580,0
2026-01-11 03:24:00,631.97,Uber,Mumbai,TRAIN00990,0
2026-06-06 12:00:00,1264.61,Flipkart,Chennai,TRAIN00212,0
2026-08-23 03:30:00,1156.84,Flipkart,Mumbai,TRAIN01160,0
2026-06-22 10:14:00,917.39,Swiggy,Pune,TRAIN00782,0
2026-03-22 20:26:00,121470.16,Zomato,Mumbai,TRAIN00537,1
2026-05-30 01:33:00,824.36,Amazon,Mumbai,TRAIN00775,0
2026-04-23 18:39:00,1506.7,IRCTC,Pune,TRAIN00662,0
2026-08-20 01:04:00,628.02,Swiggy,Mumbai,TRAIN00086,0
2026-04-08 06:26:00,1848.5,BookMyShow,Delhi,TRAIN01350,0
2026-08-19 20:39:00,3253.48,Swiggy,Delhi,TRAIN01217,0
2026-03-22 12:25:00,2348.4,Swiggy,Bengaluru,TRAIN00916,0
2026-06-06 05:42:00,2345.9,Uber,Pune,TRAIN00661,0
2026-07-08 01:48:00,1247.16,Uber,Pune,TRAIN01351,0
2026-02-10 02:44:00,2629.68,BookMyShow,Delhi,TRAIN00631,0
2026-04-15 11:50:00,389.91,Swiggy,Delhi,TRAIN01034,0
2026-05-23 19:49:00,33368.4,Swiggy,Hyderabad,TRAIN01400,1
2026-08-26 06:22:00,2051.51,Swiggy,Bengaluru,TRAIN01093,0
2026-07-22 01:07:00,1079.59,Flipkart,Mumbai,TRAIN00274,0
2026-04-16 18:39:00,760.44,Flipkart,Delhi,TRAIN00723,0
2026-02-20 10:53:00,29869.71,Unknown Merchant,Mumbai,TRAIN00363,1
2026-06-07 18:46:00,2038.51,IRCTC,Pune,TRAIN00623,0
2026-04-19 10:13:00,1184.97,IRCTC,Mumbai,TRAIN00003,0
2026-03-30 07:51:00,48514.74,Unknown Merchant,Hyderabad,TRAIN00007,1
2026-05-09 17:00:00,1702.26,BigBasket,Chennai,TRAIN00312,0
2026-06-21 07:53:00,1042.19,BigBasket,Bengaluru,TRAIN01168,0
2026-02-25 16:45:00,3125.75,Flipkart,Pune,TRAIN00939,0
2026-01-28 02:54:00,1230.3,Flipkart,Kolkata,TRAIN01478,0
2026-04-05 17:18:00,1059.4,BigBasket,Bengaluru,TRAIN00216,0
2026-07-31 20:47:00,25552.14,Myntra,Bengaluru,TRAIN01321,1
2026-06-01 05:34:00,1219.83,Uber,Bengaluru,TRAIN00028,0
2026-08-15 23:13:00,463.94,Ola,Mumbai,TRAIN01466,0
2026-08-04 00:18:00,824.61,Myntra,Mumbai,TRAIN01025,0
2026-01-18 04:50:00,1300.42,BookMyShow,Bengaluru,TRAIN00786,0
2026-05-22 07:21:00,730.9,Swiggy,Bengaluru,TRAIN00639,0
2026-04-02 20:20:00,1242.41,BookMyShow,Chennai,TRAIN00830,0
2026-01-07 06:43:00,777.04,Uber,Mumbai,TRAIN00827,0
2026-03-17 18:08:00,531.42,Flipkart,Hyderabad,TRAIN00625,0
2026-05-11 21:59:00,1049.58,Amazon,Bengaluru,TRAIN00850,0
2026-02-26 18:52:00,661.25,IRCTC,Mumbai,TRAIN00257,0
2026-05-12 14:11:00,328.52,Uber,Mumbai,TRAIN00026,0
2026-05-24 20:17:00,457.27,Ola,Mumbai,TRAIN00337,0
2026-07-02 07:54:00,2719.14,Swiggy,Bengaluru,TRAIN00573,0
2026-02-04 20:50:00,1195.4,Uber,Delhi,TRAIN00048,0
2026-08-16 19:37:00,5184.02,Uber,Delhi,TRAIN00107,0
2026-08-02 21:07:00,152.6,Uber,Chennai,TRAIN00350,0
2026-03-02 10:57:00,1520.48,BigBasket,Delhi,TRAIN00056,0
2026-03-26 23:29:00,3869.83,IRCTC,Hyderabad,TRAIN00809,0
2026-03-22 06:35:00,3523.83,IRCTC,Bengaluru,TRAIN00214,0
2026-06-19 15:08:00,1700.86,Flipkart,Mumbai,TRAIN00121,0
2026-03-10 13:27:00,905.95,BigBasket,Hyderabad,TRAIN00870,0
2026-06-02 05:24:00,691.09,Uber,Hyderabad,TRAIN00856,0
2026-06-14 21:52:00,1146.06,Flipkart,Delhi,TRAIN00073,0
2026-03-05 08:13:00,5942.87,Flipkart,Bengaluru,TRAIN01381,0
2026-07-02 17:10:00,2245.73,Amazon,Hyderabad,TRAIN00721,0
2026-02-13 08:35:00,1048.84,BigBasket,Bengaluru,TRAIN00046,0
2026-03-11 15:08:00,572.17,Zomato,Delhi,TRAIN01264,0
2026-08-25 23:31:00,78392.83,Zomato,Bengaluru,TRAIN00524,1
2026-03-28 00:17:00,4564.19,Amazon,Delhi,TRAIN00869,0
2026-05-06 07:06:00,652.87,BookMyShow,Delhi,TRAIN01108,0
2026-07-25 07:33:00,1678.48,Myntra,Delhi,TRAIN01275,0
2026-08-27 11:27:00,3234.66,Uber,Chennai,TRAIN00803,0
2026-04-22 06:25:00,979.73,Swiggy,Mumbai,TRAIN00534,0
2026-01-05 12:55:00,522.25,Uber,Delhi,TRAIN01138,0
2026-08-26 04:48:00,1204.8,Swiggy,Chennai,TRAIN00604,0
2026-05-02 07:24:00,1352.28,BigBasket,Delhi,TRAIN00466,0
2026-05-16 04:24:00,52891.31,International Store,Mumbai,TRAIN01203,1
2026-05-04 21:47:00,636.35,BookMyShow,Delhi,TRAIN01278,0
2026-06-21 10:08:00,1305.11,Amazon,Delhi,TRAIN01444,0
2026-07-19 05:31:00,490.86,IRCTC,Delhi,TRAIN00989,0
2026-02-16 11:39:00,498.4,Flipkart,Bengaluru,TRAIN00061,0
2026-01-26 18:34:00,101200.82,International Store,Hyderabad,TRAIN00886,1
2026-08-28 14:55:00,415.92,Zomato,Chennai,TRAIN00093,0
2026-06-07 06:29:00,488.21,Flipkart,Hyderabad,TRAIN00667,0
2026-01-17 12:22:00,2285.55,Amazon,Hyderabad,TRAIN00706,0
2026-05-02 00:35:00,27042.6,Unknown Merchant,International,TRAIN00195,1
2026-05-19 18:43:00,778.67,Amazon,Pune,TRAIN00281,0
2026-06-20 20:18:00,1113.43,BigBasket,Hyderabad,TRAIN00696,0
2026-06-12 23:36:00,1332.78,Swiggy,Pune,TRAIN00360,0
2026-07-09 02:22:00,201.17,Uber,Mumbai,TRAIN00520,0
2026-07-06 00:30:00,4000.56,Flipkart,Kolkata,TRAIN00813,0
2026-04-17 17:32:00,3087.03,Swiggy,Bengaluru,TRAIN00768,0
2026-02-11 20:09:00,528.46,Amazon,Bengaluru,TRAIN00183,0
2026-05-25 06:43:00,1174.79,Flipkart,Kolkata,TRAIN01487,0
2026-05-22 20:45:00,2750.59,Uber,Bengaluru,TRAIN00111,0
2026-03-18 03:45:00,1486.9,Uber,Pune,TRAIN00043,0
2026-07-21 22:02:00,2130.44,BigBasket,Hyderabad,TRAIN01007,0
2026-03-27 11:53:00,1421.19,IRCTC,Kolkata,TRAIN00205,0
2026-02-01 04:40:00,5602.6,Zomato,Mumbai,TRAIN00821,0
2026-08-18 16:23:00,1796.62,Zomato,Delhi,TRAIN00053,0
2026-08-03 09:14:00,1238.99,Myntra,Pune,TRAIN00546,0
2026-02-05 02:42:00,11546.23,Zomato,Bengaluru,TRAIN01132,1
2026-05-08 15:32:00,1018.82,BigBasket,Chennai,TRAIN01158,0
2026-05-09 03:05:00,2247.94,Amazon,Hyderabad,TRAIN01468,0
2026-04-08 01:59:00,726.92,Myntra,Delhi,TRAIN00911,0
2026-01-05 07:29:00,1154.8,BookMyShow,Kolkata,TRAIN00184,0
2026-05-30 22:35:00,1576.04,BigBasket,Hyderabad,TRAIN00138,0
2026-08-03 23:06:00,167.66,Ola,Delhi,TRAIN01150,0
2026-01-24 03:29:00,481.86,Amazon,Bengaluru,TRAIN00081,0
2026-08-12 00:20:00,653.89,Myntra,Bengaluru,TRAIN01213,0
2026-06-16 03:26:00,2768.39,Myntra,Delhi,TRAIN00106,0
2026-07-29 18:27:00,232.82,IRCTC,Bengaluru,TRAIN00542,0
2026-02-01 02:59:00,237.91,Flipkart,Delhi,TRAIN01314,0
2026-08-27 03:03:00,33024.59,BookMyShow,Hyderabad,TRAIN00481,1
2026-06-27 18:04:00,998.0,Ola,Delhi,TRAIN00166,0
2026-01-03 03:14:00,740.11,Zomato,Mumbai,TRAIN00249,0
2026-04-14 18:59:00,659.62,Flipkart,Delhi,TRAIN00308,0
2026-04-25 22:11:00,502.01,Zomato,Delhi,TRAIN00447,0
2026-07-19 05:07:00,152.63,Flipkart,Bengaluru,TRAIN00747,0
2026-08-12 12:24:00,4578.22,Myntra,Hyderabad,TRAIN00335,0
2026-07-05 15:20:00,969.14,Flipkart,Hyderabad,TRAIN00098,0
2026-06-05 20:16:00,948.81,Uber,Delhi,TRAIN00760,0
2026-07-29 06:23:00,769.77,Amazon,Mumbai,TRAIN00738,0
2026-01-04 19:29:00,1915.14,Swiggy,Chennai,TRAIN00837,0
2026-04-09 16:46:00,2573.34,IRCTC,Delhi,TRAIN00943,0
2026-05-11 15:45:00,804.04,Amazon,Kolkata,TRAIN00103,0
2026-05-27 19:55:00,1465.76,Swiggy,Pune,TRAIN00435,0
2026-06-06 22:54:00,4438.3,Uber,Pune,TRAIN00075,0
2026-07-16 03:45:00,2815.03,BookMyShow,Chennai,TRAIN01341,0
2026-01-17 15:15:00,816.75,Ola,Delhi,TRAIN01125,0
2026-02-12 14:33:00,43977.67,Flipkart,Hyderabad,TRAIN01360,1
2026-05-20 11:20:00,1590.99,Amazon,Mumbai,TRAIN00303,0
2026-08-01 08:16:00,886.79,BookMyShow,Mumbai,TRAIN01263,0
2026-07-31 15:49:00,869.67,BigBasket,Delhi,TRAIN01224,0
2026-02-03 03:26:00,795.38,Amazon,Hyderabad,TRAIN00734,0
2026-06-30 06:18:00,803.49,Zomato,Delhi,TRAIN00389,0
2026-07-26 21:13:00,824.29,BookMyShow,Delhi,TRAIN00236,0
2026-02-01 02:12:00,2071.27,Amazon,Kolkata,TRAIN01246,0
2026-04-24 21:22:00,190.93,BookMyShow,Delhi,TRAIN00268,0
2026-08-23 04:38:00,143678.38,Unknown Merchant,Bengaluru,TRAIN00306,1
2026-07-18 20:31:00,932.97,Uber,Chennai,TRAIN00118,0
2026-08-13 03:02:00,1162.71,BookMyShow,Hyderabad,TRAIN01212,0
2026-03-04 06:37:00,4113.67,Ola,Delhi,TRAIN00674,0
2026-08-16 08:23:00,76807.51,Zomato,Mumbai,TRAIN00250,1
2026-06-02 03:37:00,1228.75,Ola,Pune,TRAIN01094,0
2026-01-02 19:23:00,1444.33,Uber,Mumbai,TRAIN01080,0
2026-03-30 12:52:00,4383.44,Zomato,Mumbai,TRAIN00072,0
2026-07-14 08:05:00,58899.37,Unknown Merchant,International,TRAIN00095,1
2026-08-11 16:27:00,541.07,Ola,Kolkata,TRAIN00848,0
2026-08-18 05:43:00,571.31,BookMyShow,Mumbai,TRAIN00034,0
2026-03-29 05:55:00,443.09,Zomato,Bengaluru,TRAIN01101,0
2026-03-16 18:17:00,310.42,Flipkart,Hyderabad,TRAIN00449,0
2026-06-07 22:27:00,3165.95,BookMyShow,Delhi,TRAIN00446,0
2026-08-14 08:22:00,29799.05,Unknown Merchant,Bengaluru,TRAIN00772,1
2026-07-23 21:35:00,696.08,BookMyShow,Hyderabad,TRAIN00717,0
2026-03-18 01:29:00,1519.84,Zomato,Delhi,TRAIN00887,0
2026-01-05 20:00:00,1529.16,IRCTC,Bengaluru,TRAIN01245,0
2026-06-05 18:24:00,1615.57,BookMyShow,Hyderabad,TRAIN00901,0
2026-05-13 10:38:00,1471.93,Swiggy,Mumbai,TRAIN01036,0
2026-06-24 12:07:00,2107.44,Myntra,Delhi,TRAIN00078,0
2026-06-02 14:42:00,2674.27,Myntra,Chennai,TRAIN00085,0
2026-02-23 03:52:00,3489.1,Ola,Delhi,TRAIN00835,0
2026-07-12 03:38:00,1266.61,BookMyShow,Bengaluru,TRAIN00083,0
2026-01-06 13:44:00,665.54,Flipkart,Bengaluru,TRAIN00458,0
2026-07-18 23:47:00,3720.51,Myntra,Pune,TRAIN00919,0
2026-05-18 07:24:00,243.22,Flipkart,Mumbai,TRAIN00677,0
2026-05-28 14:18:00,14709.02,Swiggy,Hyderabad,TRAIN00985,1
2026-01-16 18:39:00,988.35,BookMyShow,Mumbai,TRAIN01240,0
2026-01-11 13:05:00,238.19,Flipkart,Delhi,TRAIN00437,0
2026-08-14 11:34:00,1506.29,Zomato,Pune,TRAIN00771,0
2026-08-03 01:30:00,631.71,Ola,Delhi,TRAIN00645,0
2026-01-19 20:23:00,1054.88,BigBasket,Delhi,TRAIN01120,0
2026-02-13 17:54:00,1223.59,Swiggy,Hyderabad,TRAIN00906,0
2026-04-10 21:18:00,1610.22,BigBasket,Delhi,TRAIN01194,0
2026-03-20 22:04:00,6573.55,Myntra,Bengaluru,TRAIN00405,0
2026-06-25 03:54:00,3355.57,Flipkart,Delhi,TRAIN01304,0
2026-06-24 12:19:00,908.79,Flipkart,Delhi,TRAIN00934,0
2026-06-11 00:02:00,4372.09,Myntra,Bengaluru,TRAIN01486,0
2026-03-04 03:09:00,927.96,BookMyShow,Bengaluru,TRAIN00105,0
2026-01-04 05:55:00,773.28,Uber,Bengaluru,TRAIN00610,0
2026-01-04 13:40:00,1941.37,Flipkart,Pune,TRAIN01456,0
2026-01-03 00:54:00,375.85,BigBasket,Chennai,TRAIN00689,0
2026-04-21 06:22:00,639.66,IRCTC,Delhi,TRAIN00949,0
2026-08-28 07:03:00,646.52,Zomato,Delhi,TRAIN00932,0
2026-01-14 03:28:00,32537.76,Swiggy,International,TRAIN00063,1
2026-05-01 00:09:00,516.98,Zomato,Bengaluru,TRAIN00282,0
2026-07-21 12:44:00,2641.15,Amazon,Bengaluru,TRAIN00779,0
2026-05-02 10:58:00,933.37,Flipkart,Pune,TRAIN01394,0
2026-08-18 00:50:00,246.93,BigBasket,Bengaluru,TRAIN00239,0
2026-03-09 16:29:00,1105.2,Uber,Delhi,TRAIN00224,0
2026-07-06 00:37:00,412.52,Myntra,Chennai,TRAIN00146,0
2026-03-31 02:59:00,1338.74,Flipkart,Hyderabad,TRAIN01399,0
2026-01-25 02:01:00,1589.82,Swiggy,Chennai,TRAIN00374,0
2026-02-10 18:31:00,3398.84,Amazon,Mumbai,TRAIN01229,0
2026-05-25 12:50:00,2348.34,Swiggy,Delhi,TRAIN00119,0
2026-07-12 09:25:00,2339.28,BookMyShow,Chennai,TRAIN01167,0
2026-03-11 20:19:00,3227.09,Flipkart,Bengaluru,TRAIN00251,0
2026-03-06 07:38:00,700.61,BigBasket,Bengaluru,TRAIN01445,0
2026-01-04 08:33:00,609.39,BookMyShow,Delhi,TRAIN01023,0
2026-01-24 16:01:00,2095.44,Myntra,Chennai,TRAIN00010,0
2026-05-04 02:04:00,5381.91,Amazon,Pune,TRAIN00450,0
2026-04-18 23:33:00,1498.32,Ola,Bengaluru,TRAIN00883,0
2026-08-25 01:38:00,2089.27,BigBasket,Kolkata,TRAIN00709,0
2026-06-13 19:38:00,110671.73,Uber,International,TRAIN00256,1
2026-02-26 12:19:00,642.35,Myntra,Kolkata,TRAIN00594,0
2026-02-22 03:43:00,805.26,Swiggy,Bengaluru,TRAIN00390,0
2026-05-19 06:08:00,1361.35,Ola,Bengaluru,TRAIN01088,0
2026-05-22 01:26:00,1115.75,Myntra,Hyderabad,TRAIN01201,0
2026-07-21 01:34:00,2593.5,Flipkart,Pune,TRAIN00558,0
2026-03-24 17:32:00,39602.33,Uber,Hyderabad,TRAIN01288,1
2026-04-26 19:20:00,1208.63,Uber,Mumbai,TRAIN00840,0
2026-06-02 02:21:00,1507.12,Ola,Kolkata,TRAIN00461,0
2026-02-09 18:05:00,402.36,Ola,Delhi,TRAIN00724,0
2026-02-02 23:46:00,2148.45,Swiggy,Delhi,TRAIN01382,0
2026-06-12 09:45:00,74724.28,Flipkart,International,TRAIN00145,1
2026-04-19 22:06:00,633.94,Myntra,Mumbai,TRAIN00502,0
2026-06-08 06:19:00,857.89,Myntra,Mumbai,TRAIN01099,0
2026-05-12 09:16:00,834.25,Ola,Bengaluru,TRAIN00740,0
2026-02-14 23:23:00,1912.08,Uber,Delhi,TRAIN01385,0
2026-06-20 17:10:00,1027.87,Myntra,Hyderabad,TRAIN00732,0
2026-05-28 04:13:00,714.26,Swiggy,Delhi,TRAIN00540,0
2026-06-26 12:38:00,5578.32,Uber,Kolkata,TRAIN00178,0
2026-04-12 18:37:00,17319.82,Myntra,Mumbai,TRAIN01447,1
2026-04-25 09:32:00,641.58,Swiggy,Hyderabad,TRAIN00698,0
2026-01-18 09:55:00,98106.03,IRCTC,Bengaluru,TRAIN00941,1
2026-05-28 04:30:00,2117.34,Swiggy,Chennai,TRAIN01050,0
2026-04-26 08:36:00,1864.07,IRCTC,Pune,TRAIN00923,0
2026-08-24 14:14:00,2170.33,Uber,Hyderabad,TRAIN00899,0
2026-01-07 19:50:00,402.79,Ola,Delhi,TRAIN01493,0
2026-07-11 07:06:00,817.21,BookMyShow,Mumbai,TRAIN00008,0
2026-04-13 02:20:00,860.05,Ola,Delhi,TRAIN00863,0
2026-04-30 17:17:00,9459.76,BookMyShow,Mumbai,TRAIN00668,1
2026-05-11 14:57:00,1235.66,Swiggy,Delhi,TRAIN01161,0
2026-07-20 12:32:00,912.31,Amazon,Hyderabad,TRAIN00358,0
2026-05-05 21:57:00,1590.05,Uber,Hyderabad,TRAIN00784,0
2026-01-03 18:09:00,2969.87,BigBasket,Bengaluru,TRAIN00736,0
2026-05-03 07:11:00,1433.38,Amazon,Mumbai,TRAIN00330,0
2026-06-13 23:09:00,9307.2,BigBasket,Delhi,TRAIN01056,0
2026-03-21 19:35:00,2725.01,Swiggy,Chennai,TRAIN01149,0
2026-03-27 02:21:00,2423.1,BookMyShow,Bengaluru,TRAIN01118,0
2026-03-16 05:18:00,1273.24,Flipkart,Delhi,TRAIN00259,0
2026-05-24 07:48:00,3940.34,BookMyShow,Kolkata,TRAIN01176,0
2026-01-18 17:29:00,1386.3,Swiggy,Chennai,TRAIN00373,0
2026-04-03 00:29:00,1074.5,BigBasket,Delhi,TRAIN01104,0
2026-07-11 07:16:00,582.95,Flipkart,Mumbai,TRAIN00926,0
2026-02-28 09:24:00,2207.31,Uber,Mumbai,TRAIN00143,0
2026-04-01 17:59:00,3030.59,Flipkart,Pune,TRAIN00526,0
2026-01-06 18:15:00,415.69,BigBasket,Mumbai,TRAIN01139,0
2026-05-28 01:50:00,2070.88,Swiggy,Pune,TRAIN01008,0
2026-05-24 07:34:00,1902.76,Ola,Bengaluru,TRAIN01122,0
2026-08-22 22:23:00,750.66,Zomato,Hyderabad,TRAIN01424,0
2026-04-26 18:33:00,21504.22,International Store,Hyderabad,TRAIN00441,1
2026-04-25 23:15:00,1479.57,Swiggy,Chennai,TRAIN00532,0
2026-08-18 02:52:00,2162.39,IRCTC,Hyderabad,TRAIN01202,0
2026-06-08 07:25:00,549.43,Zomato,Mumbai,TRAIN00227,0
2026-07-10 07:12:00,1219.23,IRCTC,Delhi,TRAIN01037,0
2026-08-27 08:48:00,27634.73,BookMyShow,Bengaluru,TRAIN00229,1
2026-07-31 21:48:00,570.02,BigBasket,Hyderabad,TRAIN01280,0
2026-06-07 10:13:00,1480.21,Myntra,Kolkata,TRAIN01450,0
2026-02-02 12:21:00,1820.31,Uber,Delhi,TRAIN00213,0
2026-07-11 03:51:00,1935.71,BookMyShow,Kolkata,TRAIN00080,0
2026-04-07 15:48:00,1708.6,BigBasket,Chennai,TRAIN00149,0
2026-06-21 14:01:00,2404.79,Swiggy,Bengaluru,TRAIN00815,0
2026-06-17 05:20:00,3200.34,Zomato,Mumbai,TRAIN00904,0
2026-06-21 15:50:00,269.94,Swiggy,Kolkata,TRAIN00959,0
2026-04-23 11:58:00,2903.63,BookMyShow,Pune,TRAIN00672,0
2026-05-08 03:05:00,1184.04,BookMyShow,Hyderabad,TRAIN01156,0
2026-02-08 21:06:00,865.48,Zomato,Delhi,TRAIN00556,0
2026-04-13 04:45:00,1768.38,IRCTC,Kolkata,TRAIN00908,0
2026-04-06 23:39:00,616.14,Amazon,Chennai,TRAIN00134,0
2026-06-18 16:21:00,559.24,Swiggy,Hyderabad,TRAIN01109,0
2026-01-14 03:12:00,1679.39,IRCTC,Pune,TRAIN00824,0
2026-08-12 01:06:00,2778.6,BigBasket,Bengaluru,TRAIN00409,0
2026-04-22 15:38:00,949.38,Uber,Delhi,TRAIN00369,0
2026-08-28 17:47:00,1021.18,Myntra,Mumbai,TRAIN00508,0
2026-03-10 00:02:00,2069.11,IRCTC,Pune,TRAIN01182,0
2026-07-28 23:42:00,1095.23,IRCTC,Mumbai,TRAIN00505,0
2026-03-03 13:14:00,273.29,BookMyShow,Hyderabad,TRAIN01489,0
2026-02-26 23:20:00,268.27,BookMyShow,Pune,TRAIN00348,0
2026-04-30 06:41:00,801.69,Myntra,Delhi,TRAIN00387,0
2026-04-16 15:56:00,1508.11,Myntra,Chennai,TRAIN00001,0
2026-08-20 19:37:00,745.43,Zomato,Delhi,TRAIN00361,0
2026-02-13 14:50:00,362.82,Flipkart,Hyderabad,TRAIN00895,0
2026-08-19 04:33:00,618.63,Uber,Chennai,TRAIN00829,0
2026-04-13 21:57:00,1233.25,Swiggy,Mumbai,TRAIN01416,0
2026-04-28 14:35:00,763.59,Myntra,Hyderabad,TRAIN00476,0
2026-03-14 00:38:00,1611.52,Zomato,Delhi,TRAIN01281,0
2026-08-11 16:28:00,6300.34,IRCTC,Mumbai,TRAIN00058,0
2026-07-02 09:45:00,124432.94,BigBasket,Bengaluru,TRAIN00638,1
2026-03-25 14:53:00,1702.66,BookMyShow,Mumbai,TRAIN01331,0
2026-05-26 13:49:00,1291.13,Amazon,Mumbai,TRAIN01054,0
2026-04-06 14:07:00,106820.55,IRCTC,Hyderabad,TRAIN01371,1
2026-01-12 16:52:00,85292.35,Flipkart,Hyderabad,TRAIN00173,1
2026-01-09 19:13:00,734.8,Zomato,Bengaluru,TRAIN00451,0
2026-02-06 11:52:00,3880.1,BookMyShow,Delhi,TRAIN00126,0
2026-07-25 21:56:00,4033.09,Flipkart,Pune,TRAIN01180,0
2026-08-26 17:10:00,1212.1,IRCTC,Delhi,TRAIN00531,0
2026-05-31 04:19:00,679.85,Myntra,Mumbai,TRAIN00858,0
2026-03-11 12:42:00,117241.31,Flipkart,Hyderabad,TRAIN00714,1
2026-04-21 09:14:00,84518.16,Zomato,International,TRAIN00091,1
2026-01-22 18:31:00,2569.78,Myntra,Delhi,TRAIN01451,0
2026-05-23 20:27:00,1453.15,Flipkart,Delhi,TRAIN00182,0
2026-05-07 22:15:00,873.22,Zomato,Pune,TRAIN00876,0
2026-02-06 17:24:00,1523.62,Zomato,Delhi,TRAIN01031,0
2026-07-22 08:51:00,1293.63,Ola,Bengaluru,TRAIN00787,0
2026-02-10 12:01:00,786.41,BookMyShow,Bengaluru,TRAIN00415,0
2026-03-02 04:45:00,1440.71,BookMyShow,Delhi,TRAIN00252,0
2026-04-22 09:43:00,3618.07,IRCTC,Mumbai,TRAIN00070,0
2026-04-18 05:55:00,4130.53,Zomato,Pune,TRAIN00804,0
2026-05-02 11:35:00,5521.37,Zomato,Chennai,TRAIN00132,0
2026-02-23 10:10:00,924.67,Zomato,Delhi,TRAIN00301,0
2026-07-10 16:49:00,1067.07,Uber,Delhi,TRAIN01430,0
2026-03-19 07:25:00,1608.37,Myntra,Hyderabad,TRAIN00327,0
2026-02-25 11:15:00,1191.02,Myntra,Mumbai,TRAIN01465,0
2026-03-16 21:51:00,362.53,Myntra,Delhi,TRAIN01114,0
2026-03-17 19:22:00,591.17,Flipkart,Kolkata,TRAIN00500,0
2026-08-27 01:59:00,2278.06,Swiggy,Hyderabad,TRAIN01378,0
2026-05-16 14:00:00,1433.8,IRCTC,Kolkata,TRAIN00833,0
2026-04-09 17:52:00,573.25,Ola,Mumbai,TRAIN00365,0
2026-01-04 06:33:00,712.93,BigBasket,Bengaluru,TRAIN00496,0
2026-02-27 14:06:00,2523.44,Amazon,Kolkata,TRAIN01395,0
2026-03-12 06:03:00,144725.6,Swiggy,Bengaluru,TRAIN00339,1
2026-08-25 21:10:00,2288.09,Swiggy,Kolkata,TRAIN00422,0
2026-07-07 10:11:00,3691.76,Ola,Hyderabad,TRAIN00165,0
2026-02-15 12:10:00,1372.7,Amazon,Delhi,TRAIN00029,0
2026-02-18 06:49:00,1121.51,Amazon,Delhi,TRAIN00517,0
2026-04-02 07:20:00,1226.49,Myntra,Bengaluru,TRAIN00194,0
2026-05-17 14:21:00,995.45,Swiggy,Bengaluru,TRAIN01328,0
2026-03-07 03:08:00,605.66,Flipkart,Delhi,TRAIN01362,0
2026-08-25 00:11:00,1024.28,IRCTC,Hyderabad,TRAIN00946,0
2026-04-03 02:49:00,309.19,BookMyShow,Bengaluru,TRAIN01361,0
2026-04-09 18:22:00,90980.08,Amazon,Bengaluru,TRAIN00170,1
2026-04-03 14:44:00,553.89,Myntra,Delhi,TRAIN00168,0
2026-05-28 08:44:00,1854.51,BookMyShow,Kolkata,TRAIN00653,0
2026-08-09 20:25:00,1042.44,Amazon,Delhi,TRAIN00174,0
2026-02-20 22:51:00,28875.22,Uber,International,TRAIN00519,1
2026-06-08 06:15:00,4642.58,IRCTC,Mumbai,TRAIN01214,0
2026-01-09 19:50:00,984.17,Amazon,Hyderabad,TRAIN01401,0
2026-03-31 00:09:00,752.63,Flipkart,Delhi,TRAIN00913,0
2026-01-03 03:41:00,2674.25,Uber,Delhi,TRAIN00492,0
2026-02-21 02:49:00,537.48,Amazon,Delhi,TRAIN00954,0
2026-04-26 18:02:00,1857.65,IRCTC,Mumbai,TRAIN00074,0
2026-03-12 21:35:00,1468.46,Ola,Bengaluru,TRAIN01253,0
2026-01-15 16:09:00,1395.61,Ola,Bengaluru,TRAIN00588,0
2026-03-08 08:13:00,790.13,Myntra,Mumbai,TRAIN00751,0
2026-02-20 03:59:00,467.33,Ola,Bengaluru,TRAIN00658,0
2026-02-23 16:23:00,716.86,Amazon,Bengaluru,TRAIN00843,0
2026-01-06 01:51:00,2115.96,Zomato,Mumbai,TRAIN00235,0
2026-01-25 22:28:00,8739.42,Amazon,Bengaluru,TRAIN00733,1
2026-01-02 01:43:00,945.44,Swiggy,Kolkata,TRAIN00215,0
2026-03-03 16:36:00,1917.72,Uber,Kolkata,TRAIN00163,0
2026-03-24 01:48:00,553.29,Zomato,Bengaluru,TRAIN00133,0
2026-05-25 17:26:00,1215.17,Uber,Delhi,TRAIN01312,0
2026-05-08 18:42:00,1629.62,BigBasket,Delhi,TRAIN00223,0
2026-01-28 09:14:00,1270.19,Myntra,Bengaluru,TRAIN01228,0
2026-02-26 23:10:00,9531.44,International Store,Bengaluru,TRAIN00935,1
2026-03-07 21:33:00,532.86,Flipkart,Delhi,TRAIN00186,0
2026-06-29 23:58:00,1365.83,Amazon,Chennai,TRAIN00042,0
2026-08-05 18:49:00,258.92,BookMyShow,Kolkata,TRAIN00693,0
2026-08-17 03:03:00,1518.55,Myntra,Mumbai,TRAIN00109,0
2026-07-14 07:31:00,648.09,Uber,Mumbai,TRAIN00039,0
2026-02-04 17:21:00,4686.64,Amazon,Bengaluru,TRAIN00569,0
2026-05-23 19:35:00,5198.35,Zomato,Delhi,TRAIN00995,0
2026-05-01 00:19:00,760.85,Flipkart,Hyderabad,TRAIN01343,0
2026-03-10 15:35:00,630.64,Amazon,Bengaluru,TRAIN01442,0
2026-07-04 09:12:00,2217.53,Flipkart,Pune,TRAIN00484,0
2026-04-04 21:45:00,170.49,IRCTC,Bengaluru,TRAIN00469,0
2026-01-13 22:27:00,879.96,Uber,Delhi,TRAIN00891,0
2026-05-26 00:23:00,327.05,Swiggy,Delhi,TRAIN00948,0
2026-01-31 22:50:00,1028.65,Uber,Delhi,TRAIN00025,0
2026-01-08 10:40:00,2266.48,Flipkart,Kolkata,TRAIN01010,0
2026-06-30 15:56:00,1884.16,Ola,Delhi,TRAIN01193,0
2026-02-02 15:01:00,963.86,BigBasket,Bengaluru,TRAIN00069,0
2026-03-22 15:09:00,14497.21,Flipkart,Bengaluru,TRAIN00885,1
2026-07-10 21:22:00,4318.22,Uber,Chennai,TRAIN01355,0
2026-08-10 22:28:00,1526.47,Swiggy,Delhi,TRAIN00367,0
2026-05-11 17:56:00,2068.65,Ola,Delhi,TRAIN00506,0
2026-02-01 21:02:00,1707.72,Myntra,Mumbai,TRAIN00851,0
2026-05-27 02:32:00,315.38,Ola,Delhi,TRAIN01316,0
2026-08-24 12:40:00,1122.25,Myntra,Chennai,TRAIN00384,0
2026-05-30 04:10:00,556.24,Uber,Mumbai,TRAIN00735,0
2026-07-10 02:08:00,41442.41,BookMyShow,International,TRAIN00718,1
2026-03-25 02:55:00,1169.21,Zomato,Delhi,TRAIN01336,0
2026-05-28 18:51:00,1298.02,Myntra,Mumbai,TRAIN00455,0
2026-01-11 21:05:00,1711.1,Flipkart,Delhi,TRAIN00265,0
2026-03-11 11:46:00,1261.41,Amazon,Pune,TRAIN00076,0
2026-02-06 15:41:00,121777.55,Ola,Mumbai,TRAIN00915,1
2026-03-24 12:00:00,1147.81,Uber,Mumbai,TRAIN00233,0
2026-05-23 16:21:00,2078.49,Zomato,Delhi,TRAIN00445,0
2026-01-22 09:07:00,44413.28,Amazon,International,TRAIN00396,1
2026-07-08 15:55:00,410.95,IRCTC,Delhi,TRAIN00612,0
2026-05-14 23:56:00,614.14,BigBasket,Delhi,TRAIN00177,0
2026-06-09 18:26:00,1351.52,BookMyShow,Mumbai,TRAIN00019,0
2026-05-14 09:37:00,20790.95,Myntra,Bengaluru,TRAIN01311,1
2026-01-24 13:20:00,1751.51,Swiggy,Delhi,TRAIN01222,0
2026-03-16 07:59:00,1372.15,Swiggy,Delhi,TRAIN00342,0
2026-01-12 23:11:00,2351.89,Flipkart,Delhi,TRAIN01348,0
2026-01-16 23:41:00,580.83,Swiggy,Mumbai,TRAIN00880,0
2026-03-17 22:03:00,285.64,Zomato,Delhi,TRAIN00596,0
2026-05-24 23:42:00,572.45,IRCTC,Delhi,TRAIN00062,0
2026-07-08 11:33:00,1651.37,Myntra,Mumbai,TRAIN01261,0
2026-07-07 02:13:00,27679.25,Unknown Merchant,Hyderabad,TRAIN00273,1
2026-03-21 19:42:00,1594.93,Myntra,Delhi,TRAIN01209,0
2026-06-28 13:05:00,1504.04,Ola,Kolkata,TRAIN00873,0
2026-07-25 23:37:00,525.04,Swiggy,Delhi,TRAIN01121,0
2026-03-09 06:14:00,815.77,BigBasket,Kolkata,TRAIN01407,0
2026-07-01 08:36:00,3241.51,BookMyShow,Pune,TRAIN00279,0
2026-07-04 19:24:00,4518.9,BookMyShow,Delhi,TRAIN00037,0
2026-05-07 04:34:00,935.19,BookMyShow,Mumbai,TRAIN00663,0
2026-05-12 03:24:00,19046.92,Ola,Mumbai,TRAIN01352,1
2026-01-31 23:14:00,2964.11,Ola,Mumbai,TRAIN01090,0
2026-07-22 10:01:00,3450.98,Flipkart,Chennai,TRAIN00978,0
2026-08-13 08:19:00,33060.19,Amazon,Mumbai,TRAIN00739,1
2026-02-13 03:49:00,510.56,Swiggy,Delhi,TRAIN00192,0
2026-03-06 14:57:00,1389.38,Zomato,Bengaluru,TRAIN00920,0
2026-07-14 19:20:00,1363.82,BigBasket,Mumbai,TRAIN00457,0
2026-06-28 11:50:00,69139.52,Ola,Bengaluru,TRAIN00676,1
2026-08-07 01:27:00,1484.76,Uber,Chennai,TRAIN00761,0
2026-01-27 11:07:00,46100.26,Zomato,International,TRAIN01353,1
2026-04-25 19:59:00,39518.03,Amazon,Mumbai,TRAIN00729,1
2026-01-01 11:16:00,345.96,Ola,Mumbai,TRAIN00413,0
2026-03-14 04:36:00,24542.91,Ola,Bengaluru,TRAIN00826,1
2026-05-09 03:21:00,1002.5,Uber,Delhi,TRAIN00617,0
2026-03-01 08:30:00,1149.97,BookMyShow,Bengaluru,TRAIN00115,0
2026-02-24 01:55:00,277.4,IRCTC,Delhi,TRAIN00418,0
2026-03-18 20:39:00,1209.29,BookMyShow,Delhi,TRAIN01429,0
2026-06-07 18:17:00,3602.28,Myntra,Delhi,TRAIN00970,0
2026-01-09 01:10:00,2968.01,Ola,Mumbai,TRAIN00605,0
2026-06-17 02:31:00,520.24,IRCTC,Mumbai,TRAIN01435,0
2026-01-30 18:59:00,1818.31,BookMyShow,Chennai,TRAIN00090,0
2026-01-03 13:44:00,688.36,Zomato,Delhi,TRAIN00849,0
2026-02-12 09:04:00,1505.09,BookMyShow,Delhi,TRAIN01146,0
2026-01-30 00:20:00,1414.68,Ola,Mumbai,TRAIN01434,0
2026-03-29 15:27:00,774.98,IRCTC,Chennai,TRAIN00754,0
2026-04-24 08:55:00,653.92,Zomato,Hyderabad,TRAIN00499,0
2026-07-13 12:13:00,2306.87,Swiggy,Delhi,TRAIN00012,0
2026-01-21 17:44:00,1291.14,Amazon,Pune,TRAIN00397,0
2026-03-28 09:57:00,566.29,Ola,Mumbai,TRAIN00285,0
2026-05-10 19:41:00,920.71,Flipkart,Pune,TRAIN00691,0
2026-01-27 18:31:00,3773.38,Zomato,Kolkata,TRAIN01231,0
2026-05-02 10:52:00,2084.16,BigBasket,Kolkata,TRAIN01404,0
2026-02-24 07:04:00,2657.98,Myntra,Delhi,TRAIN00690,0
2026-03-07 21:07:00,667.63,Amazon,Mumbai,TRAIN00852,0
2026-07-25 10:34:00,2161.83,BigBasket,Hyderabad,TRAIN00160,0
2026-02-28 04:01:00,3309.4,Uber,Bengaluru,TRAIN00896,0
2026-03-09 13:02:00,566.62,BigBasket,Delhi,TRAIN01190,0
2026-03-06 12:17:00,978.79,BigBasket,Bengaluru,TRAIN00258,0
2026-03-30 23:21:00,632.55,BookMyShow,Mumbai,TRAIN00336,0
2026-06-23 17:45:00,741.63,Zomato,Delhi,TRAIN01408,0
2026-08-14 13:41:00,1571.62,Amazon,Mumbai,TRAIN01040,0
2026-02-19 09:06:00,3933.16,Zomato,Delhi,TRAIN00516,0
2026-01-22 00:54:00,20669.3,Myntra,Bengaluru,TRAIN01016,1
2026-07-03 02:50:00,1150.69,Zomato,Bengaluru,TRAIN00769,0
2026-03-17 02:34:00,1858.86,Swiggy,Delhi,TRAIN01317,0
2026-05-10 13:10:00,109061.54,BigBasket,Hyderabad,TRAIN00762,1
2026-07-30 21:11:00,1164.74,Swiggy,Delhi,TRAIN01103,0
2026-07-03 06:12:00,666.14,BookMyShow,Mumbai,TRAIN00522,0
2026-04-21 02:43:00,145427.72,Myntra,Hyderabad,TRAIN00023,1
2026-02-17 04:16:00,1614.38,Swiggy,Delhi,TRAIN00357,0
2026-01-18 02:16:00,1065.89,BigBasket,Delhi,TRAIN01272,0
2026-03-28 04:15:00,653.91,BigBasket,Mumbai,TRAIN00341,0
2026-02-17 11:41:00,2307.75,Flipkart,Hyderabad,TRAIN00432,0
2026-06-13 03:52:00,10726.64,International Store,Mumbai,TRAIN00474,1
2026-03-31 18:09:00,2875.72,BookMyShow,Kolkata,TRAIN00218,0
2026-02-07 19:56:00,78791.78,BigBasket,Mumbai,TRAIN00912,1
2026-03-17 06:09:00,682.14,Zomato,Mumbai,TRAIN01205,0
2026-03-10 10:26:00,558.29,Uber,Delhi,TRAIN01012,0
2026-05-04 10:25:00,988.37,Amazon,Delhi,TRAIN01459,0
2026-01-26 20:58:00,1693.61,Amazon,Kolkata,TRAIN00094,0
2026-03-30 04:46:00,27045.11,Flipkart,Mumbai,TRAIN01009,1
2026-04-22 08:45:00,737.48,Zomato,Pune,TRAIN01071,0
2026-06-13 18:56:00,2721.03,Myntra,Kolkata,TRAIN00697,0
2026-02-27 09:55:00,89478.48,Myntra,International,TRAIN00997,1
2026-02-03 04:05:00,931.77,Ola,Bengaluru,TRAIN00154,0
2026-07-07 04:40:00,1603.09,IRCTC,Pune,TRAIN01300,0
2026-04-16 05:59:00,3458.02,BookMyShow,Mumbai,TRAIN01498,0
2026-05-31 23:40:00,1166.5,Amazon,Mumbai,TRAIN00790,0
2026-07-07 14:02:00,1802.13,Uber,Pune,TRAIN00581,0
2026-01-10 14:20:00,7661.27,BigBasket,Delhi,TRAIN00704,0
2026-01-28 12:07:00,226.12,IRCTC,Hyderabad,TRAIN01259,0
2026-01-12 22:04:00,1392.72,Uber,Mumbai,TRAIN00488,0
2026-08-12 22:50:00,1476.44,BookMyShow,Delhi,TRAIN00560,0
2026-05-31 16:06:00,2696.11,BigBasket,Pune,TRAIN00802,0
2026-07-01 10:19:00,674.39,Uber,Chennai,TRAIN00513,0
2026-06-13 07:52:00,1538.76,Myntra,Delhi,TRAIN00634,0
2026-03-18 10:09:00,21786.41,Amazon,Mumbai,TRAIN01111,1
2026-08-21 08:24:00,1168.05,Amazon,Chennai,TRAIN01472,0
2026-07-15 05:46:00,2061.1,BigBasket,Delhi,TRAIN00791,0
2026-02-11 20:26:00,1686.74,Uber,Mumbai,TRAIN00117,0
2026-07-11 17:17:00,8274.24,International Store,Bengaluru,TRAIN00741,1
2026-03-18 23:59:00,6447.55,BigBasket,Pune,TRAIN01082,0
2026-02-10 01:32:00,2069.85,BigBasket,Kolkata,TRAIN00831,0
2026-08-28 05:52:00,798.28,Amazon,Pune,TRAIN00120,0
2026-05-22 11:43:00,1928.94,Uber,Mumbai,TRAIN00657,0
2026-06-27 01:23:00,713.04,Ola,Delhi,TRAIN00636,0
2026-07-12 23:40:00,1019.24,Ola,Delhi,TRAIN00370,0
2026-06-29 08:28:00,991.4,Myntra,Pune,TRAIN00269,0
2026-05-22 21:11:00,22831.17,Amazon,Mumbai,TRAIN00656,1
2026-08-05 18:32:00,319.45,Amazon,Bengaluru,TRAIN00936,0
2026-07-31 03:05:00,796.18,BigBasket,Mumbai,TRAIN00823,0
2026-05-16 15:31:00,608.05,Swiggy,Delhi,TRAIN00867,0
2026-03-16 19:27:00,3443.05,Swiggy,Pune,TRAIN00047,0
2026-03-29 20:45:00,205.94,IRCTC,Bengaluru,TRAIN01291,0
2026-05-14 11:11:00,834.2,Swiggy,Delhi,TRAIN00992,0
2026-07-15 13:50:00,3867.41,Ola,Bengaluru,TRAIN00877,0
2026-01-02 22:40:00,726.61,Zomato,Delhi,TRAIN00774,0
2026-01-10 13:03:00,2645.48,Flipkart,Mumbai,TRAIN01500,0
2026-01-16 15:35:00,1582.31,IRCTC,Pune,TRAIN00005,0
2026-05-22 16:34:00,3110.72,BigBasket,Bengaluru,TRAIN01004,0
2026-03-17 18:00:00,2269.53,BigBasket,Delhi,TRAIN01302,0
2026-08-20 04:11:00,267.45,Zomato,Delhi,TRAIN00264,0
2026-03-25 22:37:00,7993.18,Myntra,Pune,TRAIN01334,0
2026-06-29 13:10:00,788.93,BookMyShow,Mumbai,TRAIN01443,0
2026-01-06 22:24:00,490.67,Ola,Kolkata,TRAIN00444,0
2026-04-10 03:08:00,846.31,BigBasket,Delhi,TRAIN01003,0
2026-03-14 04:22:00,2757.68,Amazon,Hyderabad,TRAIN01078,0
2026-07-03 11:11:00,607.82,Amazon,Delhi,TRAIN00838,0
2026-08-07 05:45:00,638.41,Uber,Bengaluru,TRAIN01340,0
2026-04-18 16:39:00,2479.16,Amazon,Bengaluru,TRAIN00305,0
2026-02-01 02:19:00,834.26,Zomato,Mumbai,TRAIN01175,0
2026-02-15 18:44:00,2290.62,BigBasket,Delhi,TRAIN00314,0
2026-07-25 00:01:00,549.85,Uber,Mumbai,TRAIN00150,0
2026-06-29 13:10:00,2391.42,Flipkart,Bengaluru,TRAIN00575,0
2026-06-27 16:32:00,2385.12,Amazon,Delhi,TRAIN00051,0
2026-05-03 13:02:00,674.67,Swiggy,Mumbai,TRAIN01415,0
2026-04-10 14:43:00,2148.84,IRCTC,Kolkata,TRAIN00727,0
2026-04-18 20:30:00,1121.4,BigBasket,Kolkata,TRAIN00834,0
2026-01-02 23:37:00,6034.07,Uber,Chennai,TRAIN01116,0
2026-06-13 13:00:00,2085.38,BigBasket,Delhi,TRAIN00471,0
2026-02-28 14:24:00,2774.59,BigBasket,Bengaluru,TRAIN00972,0
2026-01-29 16:33:00,783.9,BigBasket,Bengaluru,TRAIN00654,0
2026-04-12 14:18:00,1040.97,Uber,Pune,TRAIN00400,0
2026-06-23 22:57:00,1114.9,Amazon,Chennai,TRAIN00512,0
2026-06-09 18:11:00,4850.39,Swiggy,Delhi,TRAIN00321,0
2026-01-06 18:49:00,730.43,Zomato,Delhi,TRAIN00020,0
2026-07-12 21:36:00,3942.54,Flipkart,Delhi,TRAIN00685,0
2026-06-11 16:06:00,341.74,Myntra,Delhi,TRAIN00036,0
2026-05-09 03:18:00,640.15,Ola,Mumbai,TRAIN00903,0
2026-07-16 00:30:00,15288.09,Zomato,Hyderabad,TRAIN00828,1
2026-06-19 05:00:00,26112.43,Myntra,Hyderabad,TRAIN01345,1
2026-07-02 20:01:00,855.37,Amazon,Mumbai,TRAIN00408,0
2026-04-27 09:14:00,616.79,Ola,Kolkata,TRAIN00921,0
2026-07-22 23:18:00,2259.8,BigBasket,Bengaluru,TRAIN00538,0
2026-01-27 18:34:00,28392.47,Amazon,Hyderabad,TRAIN00759,1
2026-01-11 23:06:00,590.88,Myntra,Delhi,TRAIN01063,0
2026-04-26 16:17:00,1302.85,Flipkart,Mumbai,TRAIN00246,0
2026-04-12 07:54:00,931.66,Swiggy,Mumbai,TRAIN01128,0
2026-04-18 07:35:00,2174.29,BookMyShow,Kolkata,TRAIN00785,0
2026-04-01 04:56:00,1240.46,Zomato,Mumbai,TRAIN00490,0
2026-05-24 04:25:00,462.66,BigBasket,Mumbai,TRAIN00155,0
2026-07-17 01:41:00,1086.01,BigBasket,Delhi,TRAIN00962,0
2026-07-31 05:47:00,2419.72,BookMyShow,Bengaluru,TRAIN00854,0
2026-05-20 03:30:00,1373.08,Swiggy,Hyderabad,TRAIN00626,0
2026-01-18 09:10:00,4066.87,Uber,Chennai,TRAIN00686,0
2026-01-01 08:00:00,1113.04,Zomato,Bengaluru,TRAIN00570,0
2026-02-11 22:21:00,1218.6,Myntra,Chennai,TRAIN01427,0
2026-05-15 00:30:00,63766.07,IRCTC,Mumbai,TRAIN00018,1
2026-04-29 17:21:00,2838.23,BigBasket,Delhi,TRAIN00128,0
2026-06-16 00:45:00,1618.74,Amazon,Mumbai,TRAIN00928,0
2026-02-13 14:46:00,626.91,Myntra,Pune,TRAIN00981,0
2026-08-19 16:49:00,565.86,Amazon,Pune,TRAIN01470,0
2026-04-06 03:14:00,1515.75,Myntra,Hyderabad,TRAIN00191,0
2026-08-23 03:35:00,753.65,Ola,Hyderabad,TRAIN01140,0
2026-06-07 03:36:00,221.12,Myntra,Hyderabad,TRAIN00993,0
2026-02-05 00:48:00,49191.31,Unknown Merchant,Hyderabad,TRAIN01464,1
2026-04-14 12:04:00,960.27,Amazon,Chennai,TRAIN01252,0
2026-04-23 18:00:00,585.49,Amazon,Chennai,TRAIN00607,0
2026-06-20 06:36:00,459.53,IRCTC,Pune,TRAIN00181,0
2026-01-17 04:30:00,1624.64,IRCTC,Mumbai,TRAIN00302,0
2026-04-02 07:11:00,1320.28,Amazon,Delhi,TRAIN00497,0
2026-01-29 23:56:00,932.61,Ola,Delhi,TRAIN01315,0
2026-03-08 21:37:00,5022.43,IRCTC,Delhi,TRAIN01256,0
2026-05-25 07:22:00,2149.5,Uber,Bengaluru,TRAIN01238,0
2026-05-27 20:36:00,655.62,Ola,Mumbai,TRAIN00518,0
2026-07-02 06:05:00,4026.54,Ola,Mumbai,TRAIN01070,0
2026-07-07 23:52:00,1472.51,Zomato,Bengaluru,TRAIN00477,0
2026-04-04 01:12:00,609.88,BigBasket,Delhi,TRAIN00158,0
2026-03-11 06:45:00,365.12,BookMyShow,Mumbai,TRAIN01196,0
2026-03-08 16:55:00,923.83,Zomato,Mumbai,TRAIN00017,0
2026-06-13 18:22:00,1464.2,Swiggy,Bengaluru,TRAIN01073,0
2026-02-16 01:14:00,380.1,BigBasket,Mumbai,TRAIN00547,0
2026-07-20 08:10:00,59355.26,Swiggy,International,TRAIN00659,1
2026-01-06 23:31:00,2106.38,Swiggy,Delhi,TRAIN01227,0
2026-04-13 09:50:00,1606.89,BookMyShow,Pune,TRAIN01020,0
2026-07-22 14:18:00,1605.48,BigBasket,Delhi,TRAIN01319,0
2026-01-31 11:36:00,989.39,Swiggy,Bengaluru,TRAIN00960,0
2026-08-17 19:42:00,552.42,Amazon,Delhi,TRAIN01410,0
2026-02-16 16:52:00,1840.84,Swiggy,Delhi,TRAIN00284,0
2026-07-08 21:54:00,2338.08,BookMyShow,Kolkata,TRAIN00798,0
2026-06-05 18:31:00,1108.14,Flipkart,Mumbai,TRAIN00226,0
2026-06-09 12:35:00,405.67,Flipkart,Pune,TRAIN00027,0
2026-02-12 17:36:00,1685.54,Amazon,Pune,TRAIN00438,0
2026-03-14 23:30:00,56350.19,International Store,Mumbai,TRAIN01458,1
2026-06-08 17:34:00,956.34,BigBasket,Mumbai,TRAIN00230,0
2026-01-10 07:29:00,493.42,Swiggy,Bengaluru,TRAIN00038,0
2026-05-16 17:58:00,675.42,Uber,Bengaluru,TRAIN00750,0
2026-04-07 07:43:00,2123.43,Uber,Hyderabad,TRAIN01046,0
2026-03-14 16:04:00,828.8,BigBasket,Delhi,TRAIN00470,0
2026-08-02 15:34:00,121606.45,Amazon,Hyderabad,TRAIN01279,1
2026-06-16 15:32:00,1156.71,BigBasket,Mumbai,TRAIN01473,0
2026-05-10 17:40:00,934.01,Uber,Kolkata,TRAIN00688,0
2026-04-14 17:23:00,3533.46,BookMyShow,Delhi,TRAIN01379,0
2026-03-08 20:56:00,1288.11,Amazon,Mumbai,TRAIN00640,0
2026-07-29 20:39:00,2558.92,Ola,Chennai,TRAIN01417,0
2026-04-15 06:54:00,1824.71,BookMyShow,Delhi,TRAIN01219,0
2026-06-13 22:04:00,2340.83,Swiggy,Delhi,TRAIN01159,0
2026-04-09 23:26:00,2197.69,Uber,Mumbai,TRAIN01251,0
2026-07-15 09:44:00,8258.72,IRCTC,Delhi,TRAIN01440,0
2026-06-25 03:46:00,1438.23,Zomato,Pune,TRAIN00801,0
2026-01-01 16:50:00,2246.06,Swiggy,Delhi,TRAIN00161,0
2026-04-08 01:03:00,20977.64,Unknown Merchant,Bengaluru,TRAIN00957,1
2026-08-09 15:20:00,1760.98,Amazon,Mumbai,TRAIN01187,0
2026-05-27 22:20:00,5510.05,IRCTC,Delhi,TRAIN00822,0
2026-02-11 22:15:00,2516.36,IRCTC,Bengaluru,TRAIN01271,0
2026-04-08 07:21:00,1143.97,IRCTC,Mumbai,TRAIN00878,0
2026-05-10 23:13:00,607.3,Uber,Kolkata,TRAIN00914,0
2026-07-14 02:48:00,391.22,Uber,Kolkata,TRAIN00153,0
2026-05-16 04:14:00,30473.52,IRCTC,Mumbai,TRAIN01374,1
2026-04-21 08:14:00,23363.0,International Store,International,TRAIN00510,1
2026-02-06 05:11:00,5646.8,Uber,Mumbai,TRAIN01136,0
2026-05-30 23:31:00,1342.37,Flipkart,Delhi,TRAIN01322,0
2026-03-01 22:08:00,1041.22,BigBasket,Bengaluru,TRAIN00104,0
2026-08-05 11:34:00,3249.3,IRCTC,Delhi,TRAIN00587,0
2026-05-31 20:53:00,843.51,Zomato,Chennai,TRAIN01329,0
2026-01-26 21:17:00,1245.61,Amazon,Bengaluru,TRAIN01144,0
2026-02-10 03:59:00,17220.52,Amazon,International,TRAIN00054,1
2026-02-15 08:32:00,1040.68,IRCTC,Delhi,TRAIN00152,0
2026-03-10 14:57:00,785.13,Swiggy,Delhi,TRAIN00404,0
2026-01-03 16:24:00,573.09,Amazon,Bengaluru,TRAIN01455,0
2026-01-26 22:24:00,883.41,Ola,Delhi,TRAIN00208,0
2026-03-10 12:13:00,4341.01,Uber,Hyderabad,TRAIN01418,0
2026-03-19 22:06:00,251.74,BookMyShow,Chennai,TRAIN01123,0
2026-05-16 19:31:00,1101.71,Flipkart,Mumbai,TRAIN00009,0
2026-02-28 13:31:00,7646.27,BookMyShow,Delhi,TRAIN01015,0
2026-07-26 01:42:00,1695.33,Amazon,Pune,TRAIN01344,0
2026-04-26 19:42:00,141853.61,Unknown Merchant,Hyderabad,TRAIN01061,1
2026-01-12 16:51:00,691.79,Flipkart,Delhi,TRAIN00453,0
2026-06-15 00:17:00,1207.68,Swiggy,Hyderabad,TRAIN00254,0
2026-02-06 22:12:00,224.17,BigBasket,Delhi,TRAIN00897,0
2026-07-30 11:34:00,1657.58,Ola,Chennai,TRAIN01309,0
2026-01-25 02:35:00,3510.1,Swiggy,Bengaluru,TRAIN00881,0
2026-08-23 15:10:00,1173.28,BookMyShow,Delhi,TRAIN01428,0
2026-04-25 12:49:00,1262.37,Myntra,Delhi,TRAIN00624,0
2026-02-28 03:44:00,1744.31,BigBasket,Pune,TRAIN00346,0
2026-07-01 00:37:00,1111.03,Zomato,Delhi,TRAIN01287,0
2026-03-16 12:47:00,1122.69,BigBasket,Pune,TRAIN00263,0
2026-05-23 00:14:00,885.48,BigBasket,Mumbai,TRAIN00151,0
2026-03-29 01:04:00,676.88,Myntra,Chennai,TRAIN00473,0
2026-03-08 00:18:00,856.59,Uber,Mumbai,TRAIN00641,0
2026-06-08 21:23:00,33084.45,Uber,Hyderabad,TRAIN01485,1
2026-05-08 21:26:00,1267.13,Amazon,Hyderabad,TRAIN01411,0
2026-06-04 07:18:00,2502.94,Flipkart,Pune,TRAIN00551,0
2026-02-25 16:26:00,138923.51,IRCTC,Bengaluru,TRAIN00929,1
2026-07-02 00:09:00,1300.79,IRCTC,Chennai,TRAIN00489,0
2026-01-30 18:46:00,1365.26,Amazon,Delhi,TRAIN01357,0
2026-08-28 14:45:00,594.45,Swiggy,Pune,TRAIN01172,0
2026-01-13 02:01:00,2049.69,Zomato,Delhi,TRAIN00147,0
2026-01-28 02:27:00,2344.25,Zomato,Hyderabad,TRAIN00403,0
2026-01-11 02:51:00,72643.73,Unknown Merchant,Mumbai,TRAIN00955,1
2026-02-01 22:27:00,5226.94,Myntra,Pune,TRAIN01406,0
2026-06-28 23:40:00,802.06,Swiggy,Delhi,TRAIN00660,0
2026-03-20 01:40:00,2926.8,Ola,Mumbai,TRAIN00464,0
2026-07-21 16:49:00,13088.17,Unknown Merchant,International,TRAIN00187,1
2026-05-30 11:43:00,818.31,BigBasket,Bengaluru,TRAIN01148,0
2026-03-17 08:38:00,5078.63,Ola,Hyderabad,TRAIN01225,0
2026-07-26 20:50:00,289.08,Amazon,Delhi,TRAIN00609,0
2026-05-11 00:46:00,778.15,Uber,Delhi,TRAIN00144,0
2026-05-22 01:36:00,433.08,Ola,Mumbai,TRAIN00752,0
2026-05-13 11:04:00,18303.43,Unknown Merchant,Hyderabad,TRAIN00982,1
2026-05-25 18:13:00,706.01,Amazon,Kolkata,TRAIN00198,0
2026-05-27 07:48:00,12084.47,Swiggy,Bengaluru,TRAIN00884,1
2026-01-11 22:26:00,2158.13,Uber,Mumbai,TRAIN00280,0
2026-04-19 20:31:00,235.6,BigBasket,Bengaluru,TRAIN00294,0
2026-04-04 03:25:00,1369.63,Uber,Delhi,TRAIN01365,0
2026-08-18 00:45:00,3634.12,Flipkart,Chennai,TRAIN00401,0
2026-07-21 01:06:00,716.08,Uber,Kolkata,TRAIN00123,0
2026-02-24 16:40:00,1599.15,BigBasket,Pune,TRAIN01208,0
2026-03-04 14:22:00,773.88,Uber,Delhi,TRAIN00203,0
2026-06-05 05:24:00,3505.98,Swiggy,Pune,TRAIN00836,0
2026-03-11 18:29:00,1342.73,Myntra,Delhi,TRAIN00247,0
2026-04-15 03:39:00,3456.97,Myntra,Delhi,TRAIN01423,0
2026-03-26 04:31:00,4503.89,Amazon,Hyderabad,TRAIN01409,0
2026-06-04 04:20:00,3358.9,Zomato,Delhi,TRAIN01154,0
2026-03-23 04:17:00,1011.83,Swiggy,Bengaluru,TRAIN00385,0
2026-01-26 11:38:00,2759.68,Ola,Bengaluru,TRAIN01323,0
2026-08-27 04:14:00,1424.28,Ola,Mumbai,TRAIN00855,0
2026-04-07 10:35:00,2952.2,BookMyShow,Bengaluru,TRAIN00220,0
2026-01-02 22:08:00,814.73,BookMyShow,Mumbai,TRAIN00642,0
2026-08-23 11:35:00,277.77,Ola,Pune,TRAIN00002,0
2026-05-07 15:55:00,2665.02,BigBasket,Mumbai,TRAIN00113,0
2026-08-28 18:11:00,615.68,Myntra,Hyderabad,TRAIN00699,0
2026-04-12 11:54:00,632.87,BookMyShow,Hyderabad,TRAIN01432,0
2026-04-12 19:59:00,1118.21,Zomato,Pune,TRAIN00952,0
2026-04-29 12:47:00,306.74,Zomato,Delhi,TRAIN01318,0
2026-07-29 11:09:00,1860.68,Amazon,Bengaluru,TRAIN01292,0
2026-08-11 04:22:00,1330.61,IRCTC,Mumbai,TRAIN01354,0
2026-06-20 11:00:00,2589.16,Uber,Delhi,TRAIN00442,0
2026-08-26 03:39:00,17099.27,Myntra,International,TRAIN01137,1
2026-01-15 11:42:00,24166.69,BookMyShow,Mumbai,TRAIN01257,1
2026-03-19 05:49:00,13657.31,BigBasket,Bengaluru,TRAIN00664,1
2026-07-22 19:15:00,565.36,IRCTC,Mumbai,TRAIN01373,0
2026-04-12 10:32:00,1867.86,Swiggy,Delhi,TRAIN01258,0
2026-04-14 14:06:00,880.28,Ola,Hyderabad,TRAIN01332,0
2026-06-19 11:52:00,3623.83,Uber,Bengaluru,TRAIN00318,0
2026-05-11 22:01:00,4777.58,Flipkart,Bengaluru,TRAIN00649,0
2026-03-13 16:27:00,9686.05,Unknown Merchant,Hyderabad,TRAIN00710,1
2026-06-10 15:52:00,3283.66,BookMyShow,Chennai,TRAIN01283,0
2026-06-29 01:29:00,2777.74,BookMyShow,Delhi,TRAIN00973,0
2026-03-27 02:56:00,1177.15,IRCTC,Hyderabad,TRAIN00628,0
2026-05-24 13:08:00,1306.99,BigBasket,Mumbai,TRAIN00633,0
2026-01-19 10:53:00,300.31,Amazon,Bengaluru,TRAIN01307,0
2026-03-13 01:01:00,696.47,Amazon,Bengaluru,TRAIN01249,0
2026-08-03 11:41:00,731.11,Swiggy,Delhi,TRAIN01462,0
2026-01-21 11:24:00,1214.95,Myntra,Delhi,TRAIN01255,0
2026-08-26 21:04:00,488.96,BookMyShow,Bengaluru,TRAIN01384,0
2026-05-04 02:08:00,1813.3,Swiggy,Bengaluru,TRAIN00796,0
2026-05-08 07:16:00,56015.3,Ola,Bengaluru,TRAIN00646,1
2026-06-12 12:18:00,1217.52,Uber,Delhi,TRAIN01013,0
2026-08-16 01:30:00,778.56,Zomato,Bengaluru,TRAIN00557,0
2026-07-09 17:53:00,666.4,BookMyShow,Hyderabad,TRAIN00682,0
2026-05-12 04:22:00,3523.01,Zomato,Bengaluru,TRAIN00578,0
2026-03-24 14:40:00,565.66,Flipkart,Delhi,TRAIN01110,0
2026-03-04 01:08:00,1896.33,BookMyShow,Chennai,TRAIN01267,0
2026-06-02 01:38:00,1130.25,Zomato,Kolkata,TRAIN01184,0
2026-02-17 21:09:00,460.13,Flipkart,Bengaluru,TRAIN00525,0
2026-03-29 17:15:00,1517.78,Amazon,Bengaluru,TRAIN01060,0
2026-04-04 21:34:00,1912.71,Ola,Pune,TRAIN00541,0
2026-03-13 07:02:00,976.13,BigBasket,Hyderabad,TRAIN01195,0
2026-02-18 08:57:00,284.99,Amazon,Delhi,TRAIN00749,0
2026-06-30 07:54:00,1348.4,Uber,Mumbai,TRAIN01387,0
2026-01-23 23:24:00,656.34,Uber,Kolkata,TRAIN00485,0
2026-07-12 16:32:00,9136.47,BigBasket,International,TRAIN00096,1
2026-07-29 13:01:00,1425.27,BookMyShow,Chennai,TRAIN01021,0
2026-01-06 08:47:00,57927.86,Uber,Mumbai,TRAIN00564,1
2026-02-02 07:35:00,2268.16,Flipkart,Pune,TRAIN01265,0
2026-01-17 12:38:00,2841.56,Uber,Bengaluru,TRAIN00743,0
2026-05-26 06:15:00,1142.86,Uber,Delhi,TRAIN00864,0
2026-08-28 10:29:00,56415.73,International Store,Bengaluru,TRAIN00892,1
2026-02-09 12:35:00,716.04,Flipkart,Chennai,TRAIN01039,0
2026-04-07 22:43:00,183.79,Ola,Chennai,TRAIN00207,0
2026-04-19 05:18:00,5000.32,Flipkart,Hyderabad,TRAIN00393,0
2026-03-09 14:57:00,2422.07,IRCTC,Mumbai,TRAIN00795,0
2026-07-19 15:17:00,1910.53,BookMyShow,Kolkata,TRAIN00871,0
2026-04-16 22:22:00,1234.25,BigBasket,Chennai,TRAIN00398,0
2026-04-18 20:51:00,655.76,IRCTC,Bengaluru,TRAIN00767,0
2026-04-13 06:36:00,440.44,Zomato,Mumbai,TRAIN01377,0
2026-02-06 03:48:00,718.12,Swiggy,Kolkata,TRAIN01242,0
2026-08-10 12:01:00,2455.41,Ola,Kolkata,TRAIN01029,0
2026-05-06 23:32:00,1826.8,Uber,Bengaluru,TRAIN00643,0
2026-01-01 23:35:00,979.01,IRCTC,Delhi,TRAIN00613,0
2026-05-31 22:05:00,927.44,Amazon,Bengaluru,TRAIN00961,0
2026-05-28 07:28:00,15601.81,Zomato,International,TRAIN00726,1
2026-02-17 19:13:00,445.44,BigBasket,Bengaluru,TRAIN00684,0
2026-01-31 07:33:00,1139.36,Flipkart,Bengaluru,TRAIN00099,0
2026-08-01 05:12:00,29948.86,Unknown Merchant,Hyderabad,TRAIN00805,1
2026-06-28 15:08:00,602.91,IRCTC,Delhi,TRAIN00407,0
2026-05-22 13:20:00,34650.16,Flipkart,Bengaluru,TRAIN00503,1
2026-05-24 01:29:00,1036.73,BigBasket,Mumbai,TRAIN01072,0
2026-02-20 14:19:00,1262.27,Ola,Delhi,TRAIN01057,0
2026-03-18 07:31:00,1374.92,Swiggy,Delhi,TRAIN00930,0
2026-02-20 09:47:00,4202.43,BigBasket,Bengaluru,TRAIN00780,0
2026-01-25 01:48:00,574.54,Flipkart,Pune,TRAIN00201,0
2026-02-04 12:15:00,141295.26,Ola,Bengaluru,TRAIN00135,1
2026-04-18 13:32:00,1152.31,Uber,Bengaluru,TRAIN01052,0
2026-01-12 02:41:00,1676.78,Ola,Mumbai,TRAIN00041,0
2026-05-23 00:11:00,683.63,Flipkart,Delhi,TRAIN01018,0
2026-06-27 13:49:00,4609.41,BigBasket,Mumbai,TRAIN00231,0
2026-08-19 23:23:00,2884.86,Ola,Mumbai,TRAIN00379,0
2026-01-24 01:07:00,1165.81,Ola,Delhi,TRAIN00289,0
2026-05-21 02:52:00,1363.36,Myntra,Kolkata,TRAIN00419,0
2026-06-02 20:49:00,828.84,Flipkart,Pune,TRAIN00392,0
2026-01-02 12:45:00,1276.8,Swiggy,Hyderabad,TRAIN00593,0
2026-07-03 06:07:00,692.02,Amazon,Delhi,TRAIN01163,0
2026-02-28 16:38:00,1752.9,Myntra,Delhi,TRAIN01087,0
2026-02-16 19:21:00,10382.78,BookMyShow,Mumbai,TRAIN00648,1
2026-05-01 15:31:00,646.68,Flipkart,Hyderabad,TRAIN01153,0
2026-05-09 16:27:00,1133.74,BookMyShow,Delhi,TRAIN01368,0
2026-05-29 14:25:00,1443.88,Ola,Bengaluru,TRAIN00521,0
2026-06-04 13:10:00,13208.39,Swiggy,Mumbai,TRAIN00065,1
2026-01-20 08:10:00,626.85,Flipkart,Mumbai,TRAIN00015,0
2026-05-11 09:40:00,290.91,Zomato,Mumbai,TRAIN01181,0
2026-08-28 18:27:00,22420.81,Uber,Hyderabad,TRAIN01065,1
2026-08-11 17:06:00,1530.18,BigBasket,Chennai,TRAIN00493,0
2026-03-03 01:06:00,3117.35,BookMyShow,Pune,TRAIN00380,0
2026-06-30 17:34:00,636.7,Swiggy,Bengaluru,TRAIN00188,0
2026-05-01 03:41:00,2128.48,BigBasket,Chennai,TRAIN00764,0
2026-02-14 03:12:00,1008.15,Ola,Delhi,TRAIN00217,0
2026-05-11 01:00:00,591.53,Flipkart,Chennai,TRAIN00792,0
2026-04-10 16:34:00,655.25,BookMyShow,Pune,TRAIN01077,0
2026-04-28 18:10:00,2277.32,Ola,Hyderabad,TRAIN00879,0
2026-01-28 13:09:00,1302.7,BigBasket,Delhi,TRAIN00338,0
2026-03-09 16:11:00,1011.74,IRCTC,Mumbai,TRAIN00720,0
2026-04-15 16:03:00,2226.59,Zomato,Delhi,TRAIN00296,0
2026-07-22 10:04:00,947.54,IRCTC,Mumbai,TRAIN01017,0
2026-01-16 12:30:00,3281.03,IRCTC,Pune,TRAIN01276,0
2026-01-04 15:21:00,290.09,Uber,Delhi,TRAIN00456,0
2026-04-26 13:53:00,954.07,BigBasket,Delhi,TRAIN01497,0
2026-03-01 15:06:00,120705.33,Ola,Bengaluru,TRAIN00816,1
2026-03-04 18:39:00,35935.1,Myntra,Hyderabad,TRAIN00270,1
2026-01-23 18:35:00,767.24,Flipkart,Kolkata,TRAIN00996,0
2026-02-18 20:01:00,713.33,Uber,Delhi,TRAIN00202,0
2026-06-02 17:04:00,1644.54,Swiggy,Pune,TRAIN00162,0
2026-02-25 01:44:00,432.05,Amazon,Delhi,TRAIN00730,0
2026-02-19 21:33:00,671.21,Myntra,Delhi,TRAIN00402,0
2026-05-02 18:35:00,725.01,BookMyShow,Delhi,TRAIN00703,0
2026-04-28 16:10:00,3684.38,Flipkart,Delhi,TRAIN01130,0
2026-04-15 13:15:00,1971.48,Ola,Bengaluru,TRAIN00566,0
2026-04-08 01:33:00,4330.35,Swiggy,Delhi,TRAIN01414,0
2026-02-02 02:48:00,545.81,Uber,Delhi,TRAIN01022,0
2026-04-14 17:25:00,2181.54,Swiggy,Kolkata,TRAIN01026,0
2026-02-25 17:59:00,1983.16,BookMyShow,Mumbai,TRAIN01412,0
2026-05-14 09:59:00,724.76,Amazon,Kolkata,TRAIN01105,0
2026-02-23 16:48:00,528.52,BookMyShow,Delhi,TRAIN00206,0
2026-05-14 07:14:00,27715.54,Flipkart,Bengaluru,TRAIN00035,1
2026-04-16 17:51:00,328.69,IRCTC,Mumbai,TRAIN00776,0
2026-03-14 04:24:00,1284.57,BigBasket,Bengaluru,TRAIN00509,0
2026-01-26 16:17:00,2357.98,Amazon,Chennai,TRAIN01476,0
2026-07-17 02:57:00,652.48,Uber,Bengaluru,TRAIN01391,0
2026-03-14 19:06:00,661.48,Amazon,Chennai,TRAIN00092,0
2026-04-10 02:44:00,75918.66,International Store,Hyderabad,TRAIN01364,1
2026-07-15 07:25:00,97817.77,IRCTC,Bengaluru,TRAIN00898,1
2026-04-06 22:39:00,708.4,Swiggy,Delhi,TRAIN00565,0
2026-08-18 23:40:00,244.0,Swiggy,Delhi,TRAIN01370,0
2026-05-13 23:23:00,1883.52,Zomato,Mumbai,TRAIN00777,0
2026-04-17 21:06:00,2514.12,Zomato,Kolkata,TRAIN00242,0
2026-03-01 05:58:00,843.28,BigBasket,Bengaluru,TRAIN00014,0
2026-07-22 10:48:00,2234.82,Myntra,Kolkata,TRAIN00316,0
2026-07-25 05:01:00,718.93,Ola,Delhi,TRAIN00601,0
2026-01-08 17:56:00,801.38,BigBasket,Mumbai,TRAIN00388,0
2026-06-26 23:00:00,1487.31,Zomato,Bengaluru,TRAIN01298,0
2026-01-13 13:31:00,19353.93,Uber,Mumbai,TRAIN00167,1
2026-02-06 14:44:00,1730.19,Swiggy,Kolkata,TRAIN00841,0
2026-02-09 00:55:00,1729.01,BigBasket,Bengaluru,TRAIN00021,0
2026-02-09 04:22:00,1206.5,Flipkart,Delhi,TRAIN00647,0
2026-01-02 08:40:00,50927.01,Swiggy,Hyderabad,TRAIN01155,1
2026-06-23 16:28:00,1055.2,Myntra,Chennai,TRAIN00832,0
2026-05-28 23:29:00,504.79,BookMyShow,Chennai,TRAIN01268,0
2026-06-04 11:44:00,142842.17,Myntra,International,TRAIN00563,1
2026-01-30 20:09:00,1916.95,Uber,Bengaluru,TRAIN01461,0
2026-01-17 02:38:00,675.35,Uber,Delhi,TRAIN00687,0
2026-05-22 18:17:00,350.91,Flipkart,Bengaluru,TRAIN00958,0
2026-01-23 21:51:00,125523.43,Ola,International,TRAIN00190,1
2026-06-23 23:54:00,1613.28,Uber,Delhi,TRAIN00976,0
2026-07-10 03:17:00,1726.85,Swiggy,Mumbai,TRAIN00700,0
2026-05-16 05:10:00,4554.26,Uber,Delhi,TRAIN00511,0
2026-06-15 07:10:00,667.95,Flipkart,Kolkata,TRAIN01083,0
2026-02-24 15:33:00,1249.4,BigBasket,Pune,TRAIN00475,0
2026-03-21 00:22:00,116752.08,Zomato,Mumbai,TRAIN00857,1
2026-08-02 23:31:00,2700.43,BigBasket,Pune,TRAIN00748,0
2026-05-13 20:35:00,129903.51,Ola,Hyderabad,TRAIN00253,1
2026-04-18 09:51:00,1677.36,Uber,Mumbai,TRAIN00022,0
2026-03-30 05:15:00,2469.33,Myntra,Delhi,TRAIN01338,0
2026-05-25 15:54:00,1427.7,BookMyShow,Pune,TRAIN00460,0
2026-03-09 22:58:00,534.94,BookMyShow,Mumbai,TRAIN01185,0
2026-04-11 19:39:00,72884.35,International Store,Hyderabad,TRAIN00277,1
2026-05-20 05:48:00,1619.25,IRCTC,Chennai,TRAIN00956,0
2026-02-01 07:59:00,1050.6,Amazon,Pune,TRAIN01216,0
2026-01-07 04:50:00,696.15,BookMyShow,Delhi,TRAIN00386,0
2026-04-16 12:42:00,1568.14,Swiggy,Delhi,TRAIN00806,0
2026-04-04 13:57:00,12289.39,Myntra,Bengaluru,TRAIN01438,0
2026-07-15 22:49:00,506.49,Flipkart,Mumbai,TRAIN00344,0
2026-02-06 00:04:00,1727.35,Flipkart,Mumbai,TRAIN00770,0
2026-08-21 23:51:00,18946.31,Swiggy,Bengaluru,TRAIN01333,1
2026-07-23 00:11:00,1972.54,BookMyShow,Bengaluru,TRAIN00131,0
2026-04-27 07:57:00,1155.92,BookMyShow,Delhi,TRAIN00872,0
2026-06-25 15:29:00,5824.08,Myntra,Mumbai,TRAIN01124,0
2026-07-18 11:49:00,1511.16,Zomato,Chennai,TRAIN01397,0
2026-05-28 09:00:00,687.04,BigBasket,Kolkata,TRAIN00088,0
2026-01-14 08:02:00,8393.71,Swiggy,Hyderabad,TRAIN01483,0
2026-05-28 00:20:00,101154.8,BookMyShow,Hyderabad,TRAIN00331,1
2026-05-30 12:48:00,3330.08,BigBasket,Hyderabad,TRAIN01239,0
2026-05-01 21:53:00,1715.62,BigBasket,Kolkata,TRAIN00467,0
2026-02-20 12:10:00,1124.96,Myntra,Bengaluru,TRAIN00122,0
2026-04-24 12:33:00,1575.02,Amazon,Delhi,TRAIN01045,0
2026-04-20 14:54:00,1210.77,Ola,Delhi,TRAIN01096,0
2026-01-14 20:11:00,4396.87,Ola,Pune,TRAIN01131,0
2026-01-29 05:46:00,410.5,IRCTC,Mumbai,TRAIN01295,0
2026-06-04 14:05:00,2118.39,IRCTC,Hyderabad,TRAIN00861,0
2026-06-19 10:43:00,4331.39,Zomato,Delhi,TRAIN01460,0
2026-02-01 06:14:00,328.09,IRCTC,Chennai,TRAIN01127,0
